Source,Title,Content,Section,Url,Date
La Jornada,Diablos Rojos femenil vencer Sultanes ; enfrentar ¡ Charros,"Diablos Rojos femenil empatar Ãºltima serie temporada regular Liga Mexicana Softbol , vencer segundo duelo Sultanes Monterrey 9-5 visita Sultana Norte . escarlata enfrentar n Charros Jalisco semifinal comenzar n Ciudad MÃ©xico Parque Universitario Beisbol UNAM maÃ±ana .",Deportes,https://www.jornada.com.mx/2024/03/04/deportes/a12n3dep?partner=rss,2024-03-04
La Jornada,"Rayados , lÃ­der invicto , golear Pumas","Monterrey Pumas jugar partido anestesia , como si no haber enterar que estadio BBVA mil aficionado pagar boleto celebrar grande . primero 45 minuto pasar largo . Ãºnicos momento cambiar noche , mexicano-estadunidense Brandon VÃ¡zquez , espaÃ±ol Sergio Canales Gerardo Arteaga dar triunfo regiomontano 3-0 cierre fecha 10 Liga Mx .",Deportes,https://www.jornada.com.mx/2024/03/04/deportes/a09n2dep?partner=rss,2024-03-04
La Jornada,"sector energÃ©tico , cada cuatro empresa atraÃ­das nearshoring","cada cuatro firma haber arribar MÃ©xico relocalizaciÃ³n cadena global suministro , conocido como nearshoring , pertenecer sector energÃ­a , seÃ±alÃ³ Ricardo Ortega LÃ³pez , director general Oil&amp; Gas Alliance .",EconomÃ­a,https://www.jornada.com.mx/2024/03/04/economia/019n2eco?partner=rss,2024-03-04
La Jornada,"2023 , inversiÃ³n mexicano extranjero disminuir 55.7/100","aÃ±o pasado , mexicano invertir 6 mil 429 millón dÃ³lares proyecto largo plazo extranjero . monto â €“ principalmente destinado ampliaciÃ³n operación empresa nacional AmÃ©rica Latina , EspaÃ±a , Francia , Alemania Estados Unidosâ€ "" representar caÃ­da mÃ¡ s 50 ciento tasa anual , revelar dato oficial .",EconomÃ­a,https://www.jornada.com.mx/2024/03/04/economia/016n1eco?partner=rss,2024-03-04
La Jornada,â€ œmã©xico sÃ³lo tener dos tres aÃ±os alcanzar Ã©xito industria espacialâ€ ,"MÃ©xico tener dos tres aÃ±os , mÃ¡ s , incursionar Ã©xito industria espacial ser potencia escala planetario , advirtiÃ³ Katya Echazarreta ( Guadalajara , 1995 ) , junio 2022 convertir primero mexicana viajar espacio exterior , como parte misiÃ³n Blue Origin ns-21 .",Ciencias,https://www.jornada.com.mx/2024/03/04/ciencias/a05n1cie?partner=rss,2024-03-04
La Jornada,"MÃ©xico , imparable Copa Oro W ; ir semifinal","MÃ©xico seguir momento algarabÃ­a Copa Oro W aunque deber enfrentar complejidad . Jaqueline Ovalle haber convertir pilar plantel ahora marcÃ³ doblete , tricolor femenil asegurar ³ pase semifinal torneo donde enfrentar ¡ n Brasil despuÃ©s sortear complicado encuentro vencer 3-2 Paraguay .",Deportes,https://www.jornada.com.mx/2024/03/04/deportes/a09n1dep?partner=rss,2024-03-04
La Jornada,Paola Longoria alcanzar tÃ­tulo 119 Abierto Boston raquetbol,"legado Paola Longoria raquetbol seguir extendi<UNK><UNK>ndo . Abierto Boston , potosina lograr ³ tÃ­tulo mÃ¡ s largo palmarÃ©s superar centena trofeo .",Deportes,https://www.jornada.com.mx/2024/03/04/deportes/a11n2dep?partner=rss,2024-03-04
La Jornada,congresista EU presentar acuerdo financiamiento gobierno,"Washington . negociador Congreso Estados Unidos revelar acuerdo detallado mantener funcionamiento gran parte gobierno 30 septiembre , mientras apresurar evitar fecha lÃ­mite cierre administraciÃ³n antes viernes .",EconomÃ­a,https://www.jornada.com.mx/2024/03/04/economia/017n2eco?partner=rss,2024-03-04
La Jornada,LeÃ³n Bendesky : Ã¡ ngulo polÃ­tica monetario,"dilema polÃ­tica monetario Reserva Federal ( FED ) estar ¡ dado , general , confrontacer condición crecimiento econÃ³mico empleo frente comportamiento inflaciÃ³n , nivel estar ¡ fijado 2 ciento anual .",EconomÃ­a,https://www.jornada.com.mx/2024/03/04/economia/017a1eco?partner=rss,2024-03-04
La Jornada,subocupaciÃ³n mujer aumentÃ³ enero,"arranque aÃ±o , subrepresentaciÃ³n vivir mujer mercado laboral mexicano ver rebasado necesidad disponibilidad trabajar mÃ¡ s . contrasentido registrado hombre , enero trabajadora buscar laborar mÃ¡ hora , segÃºn informaciÃ³n Instituto Nacional EstadÃ­stica GeografÃ­a ( Inegi ) .",EconomÃ­a,https://www.jornada.com.mx/2024/03/04/economia/017n1eco?partner=rss,2024-03-04
La Jornada,Pemex haber recuperar gran parte venta mercado interno,"Ãºltimos tres aÃ±os PetrÃ³leos Mexicanos ( Pemex ) haber recuperar gran parte venta mercado interno alcanzar nivel previo pandemia . registrar mayor comercializaciÃ³n gasolina , diÃ©sel gas licuado petrÃ³leo ( LP ) , segÃºn dato empresa estatal .",EconomÃ­a,https://www.jornada.com.mx/2024/03/04/economia/019n1eco?partner=rss,2024-03-04
La Jornada,Hermann Bellinghausen : Monje baronesa,"haber fuego interior dificultar acabar hacer imposible vida artista haber iluminar antorcha mundo necesitar . ocurrir Thelonious Monk , padre be bop jazzista mÃ¡ s original virtuoso historia , ya es decir . haber Ã¡ngel Ã©l , incluir fragilidad propenso grave riesgo . nacido 1917 , poco despuÃ©s padre mudar Manhattan , departamento donde Thelonious vivir vida adulto . como amigo Charlie Parker , traÃ­a integrado demonio , diferencia Bird , no tener problema serio adicciÃ³n ; , literalmente , ser mental . Mal diagnosticar siquiatra , ser tratar como loco depresivo . familia salver electrochoque , no antisicÃ³ticos dejar inÃºtil Ãºltimos aÃ±os vida .",Cultura,https://www.jornada.com.mx/2024/03/04/cultura/a04a1cul?partner=rss,2024-03-04
La Jornada,"aÃ±o , paÃ­s serÃ ¡ noveno productor mundial agroalimento","2024 , MÃ©xico avanzar ¡ peldaÃ±o convertir ¡ noveno mayor productor agroalimento mundo , tiempo que subir ¡ dos escalón ocupar sÃ©ptima posiciÃ³n mayor exportador comida , revelar reportar anual Perspectivas Agroalimentarias 2024 .",EconomÃ­a,https://www.jornada.com.mx/2024/03/04/economia/016n2eco?partner=rss,2024-03-04
La Jornada,"libertad , Margo Glantz ser autora mÃ¡s cercano nuevo generación",escritora acadÃ©mica Margo Glantz poseer apertura tema lejano apariencia diÃ¡ logo nuevo generación autora haber desarrollar obra literario apasionado diferente . ser caracterÃ­sticas actividad creativo personalidad tambiÃ©n acadÃ©mica celebrar mediodÃ­a domingo homenaje recibir Palacio Bellas Artes .,Cultura,https://www.jornada.com.mx/2024/03/04/cultura/a04n1cul?partner=rss,2024-03-04
La Jornada,Boston aplastar Golden State diferencia rÃ©cord,"Celtics Boston machacar 140-88 Guerreros Golden State tercero victoria mÃ¡ s abultado casi 80 aÃ±os historia NBA . pese ausencia estelar Kristaps Porzingis , equipo trÃ©bol afianzar ³ liderato Conferencia Este 11 triunfo consecutivo . escolta Jaylen Brown anotÃ³ 25 29 punto frenÃ©tica primero mitad , local adelantar asombroso marcador 82-38 , mayor diferencia descanso historia franquicia , vez , peor dÃ©ficit Guerreros . Jayson Tatum contribuir 27 unidad Stephen Curry , sÃ­mbolo Golden State , quedar ³ sÃ³lo cuatro .",Deportes,https://www.jornada.com.mx/2024/03/04/deportes/a30n1dep?partner=rss,2024-03-04
La Jornada,Gladiola Orozco evocar inicio danza : â€œsublime ; ser poner pie esperanzaâ€ ,"coreÃ³grafa , bailarina maestro Gladiola Orozco , prÃ³ximo 9 octubre cumplir ¡ 90 aÃ±os , asegurar que â€ œcon pasiÃ³n poder lograr vidaâ€ . labor favor danza contemporÃ¡nea cultura paÃ­s haber ser esencial .",Cultura,https://www.jornada.com.mx/2024/03/04/cultura/a02n1cul?partner=rss,2024-03-04
La Jornada,clavadista mexicano ratificar talento Montreal,"aplomo ser cualidad haber mostrar clavadista mexicano Copa Mundo realizar Montreal , CanadÃ ¡ . rasgo levantar expectativa rumbo participaciÃ³n Juegos OlÃ­mpicos jornada delegaciÃ³n tricolor agregÃ³ dos medalla mÃ¡ s conteo .",Deportes,https://www.jornada.com.mx/2024/03/04/deportes/a11n1dep?partner=rss,2024-03-04
La Jornada,Sectur : feriado marzo dejar n derrama 48 mil 381 millón peso,"segundo fin semana largo aÃ±o , ser ¡ 15 18 marzo , dejar ¡ derrama econÃ³mica consumo servicio turÃ­sticos 48 mil 381 millón peso , prever SecretarÃ­a Turismo ( Sectur ) .",EconomÃ­a,https://www.jornada.com.mx/2024/03/04/economia/018n1eco?partner=rss,2024-03-04
La Jornada,"Inteligencia artificial impactar deporte , coincidir especialista",Boston . mÃºltiples anÃ¡ lisis avanzado haber deporte estar ¡ n medir rival superar : inteligencia artificial ( IA ) .,Deportes,https://www.jornada.com.mx/2024/03/04/deportes/a12n1dep?partner=rss,2024-03-04
La Jornada,OPEP+ extender recorte producciÃ³n crudo segundo trimestre,"OrganizaciÃ³n PaÃ­ses Exportadores PetrÃ³leo aliado ( OPEP+ ) anunciar que ampliar ¡ n recorte voluntario producciÃ³n crudo segundo trimestre aÃ±o , suponer mÃ¡ s apoyo mercado preocupado perspectiva crecimiento econÃ³mico mundial .",EconomÃ­a,https://www.jornada.com.mx/2024/03/04/economia/018n2eco?partner=rss,2024-03-04
La Jornada,Blanca RÃ­os despedir escenario Esmeralda,"DespuÃ©s 23 aÃ±os carrera , primero bailarina CompaÃ±Ã­a Nacional Danza ( CND ) , Blanca RÃ­os , despedir escenario 10 marzo Palacio Bellas Artes Ballet Esmeralda , inspirado novela seÃ±ora ParÃ­s , Victor Hugo .",Cultura,https://www.jornada.com.mx/2024/03/04/cultura/a03n2cul?partner=rss,2024-03-04
La Jornada,Ceprodac reconocer ¡ tributo vocaciÃ³n entrega maestro Orozco,"Centro ProducciÃ³n Danza ContemporÃ¡nea ( Ceprodac ) , dirigir Cecilia Lugo , realizar ¡ homenaje bailarina , coreÃ³grafa fundadora desaparecido Ballet Teatro Espacio , Gladiola Orozco , 16 marzo sala principal Palacio Bellas Artes .",Cultura,https://www.jornada.com.mx/2024/03/04/cultura/a03n1cul?partner=rss,2024-03-04
La Jornada,"como Acapulco , bicampeÃ³n Abierto Mexicano reconstruir ³","Acapulco , Gro. , cuando Alex MiÃ±aur llegÃ³ Acapulco , arrastrar cuatro final perdido manera consecutivo ; peor racha circuito ATP que convertir profesional .",Deportes,https://www.jornada.com.mx/2024/03/04/deportes/a12n2dep?partner=rss,2024-03-04
La Jornada,Santiago GimÃ©nez anotar empate 2-2 Feyenoord PSV,"Haya. , Feyenoord perder oportunidad recortar distancia PSV , lÃ­der liga neerlandés , ayer empatar 2-2 , duelo mexicano Santiago GimÃ©nez anotÃ³ equipo Rotterdam , compatriota Hirving Chucky Lozano cumplir 100 partido conjunto Eindhoven .",Deportes,https://www.jornada.com.mx/2024/03/04/deportes/a10n1dep?partner=rss,2024-03-04
La Jornada,"Mallorca , Vasco Aguirre , final Copa Rey","Madrid . Mallorca , dirigido mexicano Javier Vasco Aguirre , venciÃ³ 1-0 Girona ayer jornada 27 Liga EspaÃ±a acercar permanencia semana perfecto lograr pase final Copa Rey .",Deportes,https://www.jornada.com.mx/2024/03/04/deportes/a10n2dep?partner=rss,2024-03-04
ExpansiÃ³n,WhatsApp vencer NSO Group tener ¡ acceso cÃ³digo Pegasus,"jueza Estados Unidos ordenÃ³ empresa israelÃ­ dar acceso WhatsApp software , luego haber espiar 1,400 usuario dos semana .",TecnologÃ­a,https://expansion.mx/tecnologia/2024/03/04/whatsapp-gana-nso-group-acceso-a-pegasus,2024-03-04
ExpansiÃ³n,mujer ganar 7.7 dÃ³lares 10 recibir hombre mundo,"mujer mundo acceder solo 64/100 protecciÃ³n legal amparar hombre , informar Banco Mundial .",EconomÃ­a,https://expansion.mx/economia/2024/03/04/mujeres-ganan-menos-que-hombres,2024-03-04
ExpansiÃ³n,"Consumo privado avanzar 0.2/100 diciembre , desaceler paso","acuerdo analista , incremento ser mÃ¡ s estimado Indicador Oportuno Consumo Privado .",EconomÃ­a,https://expansion.mx/economia/2024/03/04/consumo-privado-avanza-0-2-en-diciembre-desacelera-paso,2024-03-04
ExpansiÃ³n,"UE golpear 1,950 mdd Apple abusar mercado mÃºsica streaming","acuerdo ComisiÃ³n Europea , Apple prohebir desarrollador informar servicio alternativo mÃ¡ s barato fuera App Store .",TecnologÃ­a,https://expansion.mx/tecnologia/2024/03/04/ue-multa-apple-abusar-mercado-musica-streaming,2024-03-04
ExpansiÃ³n,gasolina Premium sumar cuatro mes subsidio,"noviembre , combustible no haber gozar estÃ­mulo fiscal , diferencia Magna diÃ©sel .",EconomÃ­a,https://expansion.mx/economia/2024/03/04/gasolina-premium-suma-cuatro-meses-sin-subsidio,2024-03-04
ExpansiÃ³n,OPEP acordar extender recorte producciÃ³n final junio,"medida , nación productora pretender elevar precio materia primo .",EconomÃ­a,https://expansion.mx/economia/2024/03/03/opep-acuerda-recorte-produccion-finales-junio,2024-03-04
ExpansiÃ³n,reuniÃ³n OMC cerrar acuerdo pesca agricultura,"directora general organismo , Ngozi Okonjo-Iweala , destacÃ³ que reuniÃ³n tener lugar "" trasfondo internacional marcado mayor incertidumbre tiempo recordar "" .",EconomÃ­a,https://expansion.mx/economia/2024/03/02/reunion-de-omc-cierra-sin-acuerdos-en-pesca-y-agricultura,2024-03-04
ExpansiÃ³n,Monte Piedad lograr acuerdo sindicato,contrato colectivo trabajo ser ¡ sometido votaciÃ³n trabajador .,EconomÃ­a,https://expansion.mx/economia/2024/03/01/monte-de-piedad-logra-acuerdo-con-sindicato,2024-03-04
ExpansiÃ³n,"no solo BBVA , NU MÃ©xico presentar falla hoy hacer transferencia",usuario reportar problema momento querer realizar transferencia .,EconomÃ­a,https://expansion.mx/economia/2024/03/01/nu-mexico-presenta-fallas-hoy,2024-03-04
ExpansiÃ³n,ingreso petrolero tributario quedar debajo meta enero,reportar Hacienda observar crecimiento 28.6/100 gasto programable .,EconomÃ­a,https://expansion.mx/economia/2024/03/01/ingresos-tributarios-petroleros-no-logran-meta-hacienda,2024-03-04
ExpansiÃ³n,Hacienda reducir subsidio diÃ©sel,"cuota impuesto IEPS serÃ ¡ 6.08 peso litro ; diÃ©sel , monto mayor semana terminar viernes , 5.79 peso litro .",EconomÃ­a,https://expansion.mx/economia/2024/03/01/hacienda-reduce-subsidio-al-diesel-precio-gasolina,2024-03-04
ExpansiÃ³n,Analistas privado reducir expectativa inflaciÃ³n,"2024 , analista consultado Banco MÃ©xico ( Banxico ) esperar que inflaciÃ³n cerrar aÃ±o tasa 4.10/100 , 4.17/100 previo .",EconomÃ­a,https://expansion.mx/economia/2024/03/01/analistas-privados-reducen-expectativa-de-inflacion,2024-03-04
La Jornada,"descubrir astrolabio siglo XI ser usar musulmán , judÃ­os cristiano",Madrid . raro astrolabio islÃ¡ mico siglo XI inscripción Ã¡rabe hebreo origen sitÃºa Toledo ser descubrir museo italiano experta Universidad Cambridge .,Ciencias,https://www.jornada.com.mx/2024/03/05/ciencias/a06n2cie?partner=rss,2024-03-05
La Jornada,incrementirse casi 44/100 deuda Pemex proveedor contratista,"PetrÃ³leos Mexicanos ( Pemex ) reportÃ³ aumento casi 44 ciento deuda proveedor contratista , ascender 139 mil 115 millón peso cierre febrero , comparacer octubre .",EconomÃ­a,https://www.jornada.com.mx/2024/03/05/economia/019n2eco?partner=rss,2024-03-05
La Jornada,Avance precedente inversiÃ³n productivo MÃ©xico : Inegi,"inversiÃ³n construcciÃ³n , maquinaria demÃ¡ s bien duradero crecer aÃ±o pasado nivel precedente , reveler Instituto Nacional EstadÃ­stica GeografÃ­a ( Inegi ) . avance ser 19.7 ciento , impulsado construcciÃ³n no residencial , incluir obra pÃºblica . consumo , pilar demanda nacional , tambiÃ©n alcanzear nuevo rÃ©cord , crecer 4.39 ciento aÃ±o pasado , debido mayor compra bien importado .",EconomÃ­a,https://www.jornada.com.mx/2024/03/05/economia/016n1eco?partner=rss,2024-03-05
La Jornada,Johan VÃ¡ squez anotar Inter,"Johan VÃ¡ squez ( derecha ) anotar ³ primero gol temporada partido equipo , GÃ©nova , perder frente Inter MilÃ ¡ n . imagen disputar balÃ³n argentino Lautaro MartÃ­nez .",Deportes,https://www.jornada.com.mx/2024/03/05/deportes/a11n3dep?partner=rss,2024-03-05
La Jornada,â€ œracismo discriminaciÃ³n dificultar presencia mujer indÃ­genas cienciaâ€ ,"racismo , pobreza , desapariciÃ³n lengua desplazamiento ser cuatro factor dificultar presencia indÃ­genas ciencia MÃ©xico . panorama complicar todavÃ­a mÃ¡ s mujer , ademÃ¡s discriminaciÃ³n racial deber enfrentar gÃ©nero , considerar investigadora indÃ­genas .",Ciencias,https://www.jornada.com.mx/2024/03/05/ciencias/a05n1cie?partner=rss,2024-03-05
La Jornada,conflicto Red Bull poner riesgo permanencia Verstappen,"conflicto Red Bull poder desencadenar partida Max Verstappen , vigente tricampeÃ³n FÃ³rmula Uno . situaciÃ³n atravesar director Christian Horner , acusado supuesto â€œconducta inapropiadaâ€ empleada , haber generar ambiente intranquilidad alrededor escuderÃ­a austriaco . victoria Verstappen , segundo lugar Sergio PÃ©rez arranque temporada calmar turbulencia .",Deportes,https://www.jornada.com.mx/2024/03/05/deportes/a11n2dep?partner=rss,2024-03-05
La Jornada,proponer derecho laboral chofer aplicación Brasil,"Brasilia . presidente brasileÃ±o , Luiz InÃ¡cio Lula dar Silva , remitir lunes Congreso proyecto ley regular derecho laboral trabajador aplicación transporte pasajero paÃ­s , incluir exigencia pago salario mÃ­nimo .",EconomÃ­a,https://www.jornada.com.mx/2024/03/05/economia/017n2eco?partner=rss,2024-03-05
La Jornada,DÃ³lar volver ubicar debajo $17,"peso mexicano romper lunes piso sicÃ³logo 17 unidad dÃ³lar spot . divisa mexicano apreciÃ³ estadunidense 0.36 ciento , equivalente 6.13 centavo , cerrar 169619 unidad dÃ³lar mercado interbancario ( menudeo ) , primero cierre debajo 17 peso 15 enero .",EconomÃ­a,https://www.jornada.com.mx/2024/03/05/economia/019n3eco?partner=rss,2024-03-05
La Jornada,"actuar ¡ Bellas Artes Bryn Terfel , destacado cantante wagneriano","reconocido bajo barÃ­tono galÃ©s Bryn Terfel presentar ¡ primero vez MÃ©xico Palacio Bellas Artes , como parte celebración 90 aniversario recinto cultural , cumplir ¡ 29 septiembre .",Cultura,https://www.jornada.com.mx/2024/03/05/cultura/a04n2cul?partner=rss,2024-03-05
La Jornada,disminuir ritmo crecimiento,"economÃ­a mexicano bajar ritmo crecimiento recta final aÃ±o pasado tendencia mantener ¡ inicio segundo trimestre 2024 , Sistema Indicadores Compuestos : Coincidente Adelantado , calcular Instituto Nacional EstadÃ­stica GeografÃ­a ( Inegi ) . PrecisÃ³ que indicador adelantar , sugerir comportamiento economÃ­a corto plazo , posicioner arriba tendencia largo plazo , presentar valor 100.2 punto octubre , equivaler caÃ­da 0.10 punto respecto septiembre , ser tercero retroceso consecutivo . ritmo caÃ­da indicador adelantar empezar acelerar , prever que corto plazo actividad productivo paÃ­s seguir ¡ crecer , aunque tasa menor . no obstante , como consecuencia mejora indicador confianza empresarial , momento adecuado invertir tipo cambio , economÃ­a mantener ¡ ruta crecimiento .",EconomÃ­a,https://www.jornada.com.mx/2024/03/05/economia/016n3eco?partner=rss,2024-03-05
La Jornada,Ex directivo Twitter exigir mÃ¡ s 128 mdd,"San Francisco. , cuatro ex directivo Twitter ( hoy x ) demandar lunes Elon Musk , acusar haber despedir â€œnegligencia graveâ€ â€œfalta intencionalâ€ no indemnizar . SegÃºn documento judicial , querellante reclamar mÃ¡s 128 millón dÃ³lares Musk , comprÃ³ Twitter 44 mil millón dÃ³lares fin 2022 dÃ­a tomÃ³ posesiÃ³n echÃ³ ex presidente Parag Agrawal , director financiero , Ned Segal , director jurÃ­dicos legal Vijaya Gadde Sean Edgett .",EconomÃ­a,https://www.jornada.com.mx/2024/03/05/economia/019n6eco?partner=rss,2024-03-05
La Jornada,BM : disminuir brecha gÃ©nero aumentar 20 PIB mundial,"brecha gÃ©nero mujer lugar trabajo ser mucho mÃ¡ s amplio pensar . cerrarlar , seÃ±ala Banco Mundial ( BM ) , poder aumentar producto interno bruto global mÃ¡ s 20 ciento .",EconomÃ­a,https://www.jornada.com.mx/2024/03/05/economia/017n1eco?partner=rss,2024-03-05
La Jornada,devolver Suiza MÃ©xico lote 24 pieza prehispÃ¡ nica,"embajada MÃ©xico Suiza recibir lote 24 pieza prehispÃ¡ nica pertenecer patrimonio cultural paÃ­s , acuerdo dictamen Instituto Nacional AntropologÃ­a Historia ( INAH ) .",Cultura,https://www.jornada.com.mx/2024/03/05/cultura/a03n3cul?partner=rss,2024-03-05
La Jornada,Tuzas imponer 2-0 Puebla,"Pachuca femenil alcanzear ayer subliderato Liga Mx , tiempo que Monterrey Chivas golear cierre jornada nueve . pese baja , Tuzas obtener victoria cÃ³moda Puebla ( 2-0 ) . Chinwendu Ihezuo Destinne Manzo anotar que hidalguense llegar 20 unidad , punto arriba Monterrey , Sultana Norte , apaleÃ³ Santos ( 6-0 ) , equipo ya sumar 42 gol contra . estadio Akron , Chivas superÃ³ Necaxa ( 4-0 ) juego definir primero 20 minuto Dana Sandoval , Carolina Jaramillo autogol Brissa Range .",Deportes,https://www.jornada.com.mx/2024/03/05/deportes/a31n1dep?partner=rss,2024-03-05
La Jornada,Ventas automÃ³viles tener mejor primero bimestre 2017,"industria automotriz MÃ©xico vender 225 mil 357 vehÃ­culos ligero mercado interno primero bimestre 2024 , mejor cifra periodo 2017 , cuando comercializar 241 mil 640 unidad segÃºn dato Instituto Nacional EstadÃ­stica GeografÃ­a ( Inegi ) .",EconomÃ­a,https://www.jornada.com.mx/2024/03/05/economia/019n1eco?partner=rss,2024-03-05
La Jornada,"cerca , victoria control inflaciÃ³n : BPI","Londres . banco central estar n cerca controlar inflaciÃ³n mundial , afirmer Banco Pagos Internacionales ( BPI ) . haber motivo â€œoptimismo prudenteâ€ , segÃºn mÃ¡ s reciente informe trimestral BPI , realizar reunión periÃ³dicas puerta cerrada principal responsable polÃ­tica monetario mundo . â € banco central haber tomar medida decisivo evitar que inflaciÃ³n consolidar â hm decir prensa Claudio Borio , jefe Departamento Monetario EconÃ³mico BPIâ€ "" . â€ <UNK>e tiempo , actividad econÃ³mica haber mostrar notablemente resistente sistema financiero haber aguantar bienâ€ . BPI haber mostrar vez mÃ¡ s esperanzado . final aÃ±o pasado , seÃ±alÃ³ que avance inflaciÃ³n haber ser alentador , subrayÃ³ que banco central no estar fuera peligro .",EconomÃ­a,https://www.jornada.com.mx/2024/03/05/economia/019n4eco?partner=rss,2024-03-05
La Jornada,ahondar reflexiÃ³n gordura Ã¡ ngulo cultural,"gordura ser mayor estigma . ahondar tema perspectiva arte cultura , asÃ­ como social salud , realizÃ³ tercero Jornada Supurando Heridas Habitar EstrÃ­as , organizado Centro Artes Oficios ( CAO ) Escuelita Emiliano Zapata Pedregal Santo Domingo , activista Fat Alista Museo Universitario Arte ContemporÃ¡neo ( MUAC ) .",Cultura,https://www.jornada.com.mx/2024/03/05/cultura/a04n3cul?partner=rss,2024-03-05
La Jornada,Broncos liberar mariscal Russell Wilson,"Englewood . Broncos Denver comunicar Russell Wilson que dejar ¡ n libertad prÃ³xima semana , 18 mes firmar mariscal campo ganador SupertazÃ³n extensiÃ³n contrato cinco aÃ±os 242 millón dÃ³lares . potencial destino Wilson ser Pittsburgh , tener programado calendario visita Denver prÃ³ximos dÃ­as . salida Russell , franquicia deber ¡ absorber golpe 89 millón dÃ³lares dinero muerto prÃ³ximas dos temporada . mando entrenador Sean Payton , Wilson tener temporada buen , no ser suficiente Payton mander banca lugar Jarrett Stidham dos partido anterior . Broncos cerrar calendario 8-9 , octavo campaÃ±a fila llegar playoffs . Wilson ser adquirir 2022 proveniente Halcones Marinos Seattle , donde coronÃ³ 2013 .",Deportes,https://www.jornada.com.mx/2024/03/05/deportes/a31n2dep?partner=rss,2024-03-05
La Jornada,cartera vencido hogar alcanzear nivel mÃ¡ximo enero,"marcado cuesta enero alto tasa interÃ©s , saldo cartera vencido prÃ©stamos otorgar banco hogar mexicano situcir 79 mil 693 millón peso primero mes 2024 , incremento 21.6 ciento tÃ©rminos nominal 16 ciento real respecto 65 mil 553 millón reportado periodo comparable 2023 , mostrar dato Banco MÃ©xico ( BdeM ) .",EconomÃ­a,https://www.jornada.com.mx/2024/03/05/economia/016n2eco?partner=rss,2024-03-05
La Jornada,FalleciÃ³ bailarina buto Natsu Nakajima CDMX,"bailarina coreÃ³grafa japonés Natsu Nakajima , discÃ­pula Kazuo Ohno Tatsumi Hijikata , morir domingo pasado 80 aÃ±os Ciudad MÃ©xico , informÃ³ DirecciÃ³n Danza Universidad Nacional AutÃ³noma MÃ©xico ( UNAM ) . 18 marzo cumplir 81 aÃ±os .",Cultura,https://www.jornada.com.mx/2024/03/05/cultura/a04n1cul?partner=rss,2024-03-05
La Jornada,mundo festejar ¡ Gabo publicaciÃ³n novela pÃ³stuma agosto ver,"hacer 97 aÃ±os , 6 marzo , naciÃ³ escritor periodista colombiano Gabriel GarcÃ­a MÃ¡ rquez , artÃ­fice realismo mÃ¡gico , poner AmÃ©rica Latina imaginario millón lector solo palabra : Macondo .",Cultura,https://www.jornada.com.mx/2024/03/05/cultura/a02n1cul?partner=rss,2024-03-05
La Jornada,BitcÃ³in cotizar arriba 65 mil dÃ³lares,"Londres . bitcÃ³in alcanzar ³ lunes nivel mÃ¡ s alto dos aÃ±os , superar 65 mil dÃ³lares , mientras oleada dinero acercar nivel rÃ©cord . precio alcanzar ³ mÃ¡ximo sesiÃ³n 65 mil 537 dÃ³lares primero hora maÃ±ana Europa , tocar nuevo mÃ¡ximo dos aÃ±os operación asiÃ¡ticas . Ãºltima cotizaciÃ³n ganÃ³ 4 ciento , llegar 65 mil 45 dÃ³lares . bitcÃ³in marcÃ³ rÃ©cord 68 mil 999.99 dÃ³lares noviembre 2021 . mayor criptodivisa valor mercado haber ganar 50 ciento aÃ±o mayor parte alza haber producir Ãºltimas semana , cuando haber disparar entrada fondo bitcÃ³in cotizado Estados Unidos .",EconomÃ­a,https://www.jornada.com.mx/2024/03/05/economia/019n5eco?partner=rss,2024-03-05
La Jornada,"cultura extravagancia ParÃ­s , cartel OlÃ­mpicos","parã­s . color vibrante sitio emblemÃ¡ tico iluminar cartel Juegos OlÃ­mpicos ParÃ­s , estilo art dÃ©co inspirado pasado extravagante ciudad .",Deportes,https://www.jornada.com.mx/2024/03/05/deportes/a11n1dep?partner=rss,2024-03-05
La Jornada,China volver fijar 5/100 meta crecimiento,"pekã­n . China fijar ³ meta crecimiento econÃ³mico alrededor 5 ciento 2024 , similar aÃ±o pasado lÃ­nea expectativa analista , segÃºn informe oficial .",EconomÃ­a,https://www.jornada.com.mx/2024/03/05/economia/017n3eco?partner=rss,2024-03-05
La Jornada,incrementar 500/100 compra fertilizante Rusia,"luego cerrar aÃ±o nivel histÃ³ricos , MÃ©xico comenzar ³ aÃ±o importar menos fertilizante ; embargo , enero Rusia aumentÃ³ mÃ¡ s 500 ciento envÃ­os abono paÃ­s , volver ser principal proveedor .",EconomÃ­a,https://www.jornada.com.mx/2024/03/05/economia/018n1eco?partner=rss,2024-03-05
La Jornada,Jorge Veraza UrtusuÃ¡ stegui analizar inteligencia artificial enfoque marxista,"aunque existir percepciÃ³n que inteligencia artificial ( IA ) poder solucionar problema explotaciÃ³n laboral facilitar vida persona , â€ œcomo ser tecnologÃ­a utilizado forma capitalista , mÃ¡ s bien usar perfeccionar explotaciÃ³n sobrexplotaciÃ³n clase obreraâ€ , considerÃ³ Jorge Veraza UrtuzuÃ¡ stegui presentaciÃ³n libro Karl Marx , inteligencia artificial gobierno despÃ³tico producciÃ³n ( 200 Ã±os nacimiento pensador revoluciÃ³n comunista ) .",Ciencias,https://www.jornada.com.mx/2024/03/05/ciencias/a06n1cie?partner=rss,2024-03-05
La Jornada,Willars afinar salto mÃ¡ s difÃ­cil mundo ParÃ­s 2024,Randal Willars tener as manga cara presentaciÃ³n Juegos OlÃ­mpicos ParÃ­s 2024 : salto mayor grado dificultad realizar mundo .,Deportes,https://www.jornada.com.mx/2024/03/05/deportes/a12n1dep?partner=rss,2024-03-05
La Jornada,haber reducir fraude gracias IA : Citibanamex,"uso sistema inteligencia artificial , intento fraude contra cliente Citibanamex , banco mayor presencia paÃ­s , haber disminuir 70 ciento , dar conocer Rosario Valdivia , directora tecnologÃ­a instituciÃ³n financiero .",EconomÃ­a,https://www.jornada.com.mx/2024/03/05/economia/018n2eco?partner=rss,2024-03-05
La Jornada,feria MinerÃ­a llegÃ³ â€œperiodo recuperaciÃ³nâ€ ,"ediciÃ³n 45 Feria Internacional Libro Palacio MinerÃ­a ( FILPM ) concluir asistencia 111 mil 239 visitante presupuesto 12 millón peso , informar director , Fernando Macotela . agregã³ que estar n llegar â€ œuna curva ascendenteâ€ que reforzar ¡ n serie adecuación .",Cultura,https://www.jornada.com.mx/2024/03/05/cultura/a03n2cul?partner=rss,2024-03-05
La Jornada,"â€ idecidir no destruir ; si lector celebrar , tal vez Gabo perdonear € ","Madrid . poco antes morir , Gabriel GarcÃ­a MÃ¡ rquez sentenciÃ³ historia habÃ­a estar trabajar Ãºltimos aÃ±os vida : â € libro no servir . haber que destruirloâ€ . hablar agosto ver , novela inÃ©dita finalmente ver ¡ luz presentar martes Instituto Cervantes Madrid , acto tener ¡ repercusiÃ³n mundial travÃ©s nuevo tecnologÃ­as , , , enorme interÃ©s seguir suscitar obra figura Gabo .",Cultura,https://www.jornada.com.mx/2024/03/05/cultura/a03n1cul?partner=rss,2024-03-05
La Jornada,"Indian Wells , prÃ³ximo objetivo tenista Santiago GonzÃ¡lez","Indian Wells , primero Masters 1000 temporada , ser prÃ³ximo objetivo Santiago GonzÃ¡lez , subcampeÃ³n Abierto Mexicano Tenis .",Deportes,https://www.jornada.com.mx/2024/03/05/deportes/a12n2dep?partner=rss,2024-03-05
La Jornada,"Liga ExpansiÃ³n Mx , aÃ±o mÃ¡ s ascenso","FederaciÃ³n Mexicana Futbol ( FMF ) , regreso ascenso descenso primero divisiÃ³n ser tema seguir cerrado . hacer temporada , club Liga ExpansiÃ³n haber salir expresar contra medida tomado 2020 , mÃ¡ximas autoridad mantener condición abrir competencia deportivo . significar que menos cuatro franquicia deber estar certificado Temporada 2024-25 , sÃ³lo , Atlante , haber poder acreditar requisito .",Deportes,https://www.jornada.com.mx/2024/03/05/deportes/a10n1dep?partner=rss,2024-03-05
La Jornada,goleer AmÃ©rica celeste hundir,"visita AmÃ©rica estadio Nemesio DÃ­ez terminÃ³ pesadilla . poder salvar actual subcampeonas goleada 3-0 Toluca , rival dominÃ³ notable consistencia ataque sumar tercero triunfo nueve fecha Liga Mx Femenil .",Deportes,https://www.jornada.com.mx/2024/03/05/deportes/a10n2dep?partner=rss,2024-03-05
ExpansiÃ³n,"MatÃ­as NuÃ±ez ser CEO Openbank , banco digital Santander","banco dar conocer que NuÃ±ez , tambener ser parte Consejo AdministraciÃ³n Getnet , ser ¡ lÃ­der unidad digital salir aÃ±o .",EconomÃ­a,https://expansion.mx/economia/2024/03/05/matias-nunez-ceo-openbank,2024-03-05
ExpansiÃ³n,Amazon MÃ©xico querer llevar corazÃ³n editorial e-commerce,"empresa tecnologÃ­a tener nuevo gerente general paÃ­s , Pedro Huerta , tener experiencia industria libro , tambiÃ©n dispositivo inteligente .",TecnologÃ­a,https://expansion.mx/tecnologia/2024/03/05/amazon-mexico-ventas-de-libros-terreno-digital,2024-03-05
ExpansiÃ³n,Cetes 28 dÃ­as sumar tres semana consecutivo rendimiento 11/100,"reportar trimestral Banco MÃ©xico ( Banxico ) , Junta Gobierno dejer ver que haber ajuste tasa marzo , rendimiento instrumento ajustar .",EconomÃ­a,https://expansion.mx/economia/2024/03/05/cetes-ajustan-rendimientos-11,2024-03-05
ExpansiÃ³n,"crear 156.403 empleo febrero , cuarto cifra mÃ¡ s alta mes","generaciÃ³n empleo , considerar primero dos mes aÃ±o , ser 265.424 puesto .",EconomÃ­a,https://expansion.mx/economia/2024/03/05/se-crean-156-403-empleos-en-febrero-imss,2024-03-05
ExpansiÃ³n,"mujeres pobre campo , mÃ¡ s afectado cambio climÃ¡tico : FAO","medio rural mujer asumir mucho mÃ¡ s tarea domÃ©sticas cuidado persona , limitar oportunidad estudio empleo , seÃ±ala organizaciÃ³n informe .",EconomÃ­a,https://expansion.mx/economia/2024/03/05/cambio-climatico-los-mas-afectados-mujeres-y-pobres-en-campo,2024-03-05
ExpansiÃ³n,Â¿ CÃ³mo restablecer cuenta Instagram correo nÃºmero telÃ©fono ?,asã­ poder restablecer cuenta Instagram si olvidastar contraseÃ±a . enseÃ±amos cÃ³mo recuperar correo nÃºmero celular .,TecnologÃ­a,https://expansion.mx/tecnologia/2024/03/05/como-restablecer-cuenta-instagram,2024-03-05
ExpansiÃ³n,verificacer dos paso Facebook Instagram : CÃ³mo activar,que no robir cuenta existir opciÃ³n activar segundo capa seguridad . hazlo pasar paso .,TecnologÃ­a,https://expansion.mx/tecnologia/2024/03/05/verificacion-dos-pasos-facebook-instagram-como-activar,2024-03-05
ExpansiÃ³n,Â¿ cã³mo presentar declaraciÃ³n anual persona moral ?,SAT contar guÃ­as presentar informe anual empresa pago Impuesto Renta ( ISR ) .,EconomÃ­a,https://expansion.mx/economia/2024/03/05/declaracion-anual-de-personas-morales-2023,2024-03-05
ExpansiÃ³n,asã­ poder restablecer contraseÃ±a Facebook,Facebook seÃ±ala existir opción recuperaciÃ³n contraseÃ±a que evitar pÃ©rdida informaciÃ³n .,TecnologÃ­a,https://expansion.mx/tecnologia/2024/03/05/como-recuperar-contrasena-de-facebook,2024-03-05
ExpansiÃ³n,caer Facebook nivel mundial ; reportar que sesiÃ³n caducÃ³ Instagram fallar,"usuario reportar que sesión aplicación cerrar manera repentino , que carga Instagram ser lento .",TecnologÃ­a,https://expansion.mx/tecnologia/2024/03/05/se-cayo-facebook-instagram-que-paso,2024-03-05
ExpansiÃ³n,Ericsson querer construir red privado Tesla Nuevo LeÃ³n,compaÃ±Ã­a sueco haber ser encargada crear red privado empresa Ã©xito .,TecnologÃ­a,https://expansion.mx/tecnologia/2024/03/05/ericsson-red-privada-planta-de-tesla-en-nuevo-leon-mexico,2024-03-05
ExpansiÃ³n,"x activÃ³ llamado , acceder dato . asã ­ poder bloquear funciÃ³n","nuevo funcionalidad plataforma filtrar direcciÃ³n IP usuario , poner riesgo seguridad lÃ­nea .",TecnologÃ­a,https://expansion.mx/tecnologia/2024/03/05/ip-expuesta-llamadas-x-como-evitarlo,2024-03-05
ExpansiÃ³n,Jeff Bezos desbancar Elon Musk como mÃ¡ximo multimillonario mundo,"SegÃºn Ãndice multimillonario agencia Bloomberg , fortuna Bezos ascender 200.000 mdd , superar 198.000 mdd dueÃ±o Tesla .",EconomÃ­a,https://expansion.mx/economia/2024/03/05/jeff-bezos-supera-elon-musk-hombre-mas-rico-del-mundo,2024-03-05
ExpansiÃ³n,China fijar objetivo crecimiento econÃ³mico 5/100 2024,"objetivo ir lÃ­nea expansiÃ³n PIB aÃ±o pasado , 5.2/100 , sitÃºa lejos dinÃ¡ mico ritmo crecimiento economÃ­a chino aÃ±os 1990 2000 .",EconomÃ­a,https://expansion.mx/economia/2024/03/05/objetivo-de-crecimiento-economico-china-2024,2024-03-05
ExpansiÃ³n,aseguradora pagar 920 mdp daÃ±os embarcación Otis,"casi cinco mes paso huracÃ ¡ n , aseguradora haber indemnizar mÃ¡s 200 embarcación costo promedio individual 4.3 millón peso .",EconomÃ­a,https://expansion.mx/economia/2024/03/05/aseguradoras-indemnizan-211-barcos-por-920-mdp-tras-otis,2024-03-05
La Jornada,HomÃ­nidos Pleistoceno tenÃ­an tÃ©cnicas complejo planificaciÃ³n elaborar herramienta,"Madrid . HomÃ­nidos organizaciÃ³n fabricar herramienta piedra ocupar este Asia hacer 1.1 millón aÃ±os , 300 mil antes hacha mano mÃ¡ s antiguo hallado regiÃ³n .",Ciencias,https://www.jornada.com.mx/2024/03/06/ciencias/a06n2cie?partner=rss,2024-03-06
La Jornada,â€ œproblema tÃ©cnico â€ causÃ³ caÃ­da Facebook Instagram : meta,"â€ problema tÃ©cnico â€ provocÃ³ caÃ­da mundial Facebook Instagram primero hora ayer , confirmar directivo Meta , conglomerado empresa tecnologÃ­a pertenecer ambos red social .",EconomÃ­a,https://www.jornada.com.mx/2024/03/06/economia/019n2eco?partner=rss,2024-03-06
La Jornada,irã ¡ descenso fuerza laboral partir 2044,"poblaciÃ³n mexicano crecer ¡ Ãºltima vez 2051 . luego aÃ±o nacimiento llegado migrante paÃ­s no compensar ¡ n defunción salida residente , acuerdo proyección ComisiÃ³n EconÃ³mica AmÃ©rica Latina Caribe ( Cepal ) .",EconomÃ­a,https://www.jornada.com.mx/2024/03/06/economia/016n1eco?partner=rss,2024-03-06
La Jornada,Lozano querer primero tÃ­tulo Tri Liga Naciones Concacaf,"selecciÃ³n mexicano tener cuenta pendiente Liga Naciones Concacaf . que disputÃ³ primero vez 2019 , Tricolor haber quedar deriva . ser tÃ­tulo seguir exhibir vitrina . Gerardo Martino Diego Cocca poder ganar como entrenador . situaciÃ³n poder cambiar Jaime Lozano cuando 21 marzo MÃ©xico enfrentar PanamÃ ¡ pase final .",Deportes,https://www.jornada.com.mx/2024/03/06/deportes/a11n3dep?partner=rss,2024-03-06
La Jornada,JÃ¡ quez aportar 11 punto triunfo Heat,Miami . mexicano Jaime JÃ¡ quez Jr. finalizar ³ 11 punto triunfo Heat Miami ( 118-110 ) Pistones Detroit .,Deportes,https://www.jornada.com.mx/2024/03/06/deportes/a30n3dep?partner=rss,2024-03-06
La Jornada,"selecciÃ³n femenil , partido memorable Brasil Copa Oro","mente espaÃ±ol Pedro LÃ³pez , tÃ©cnico selecciÃ³n mexicano femenil , no existir escenario mÃ¡ s que final tÃ­tulo Copa Oro W . llegar ahÃ­ , jugadora deber salir victorioso Brasil , potencia mundial categorÃ­a rival semifinal torneo . ambiente ser inmejorable concentraciÃ³n mexicano . luego avanzar Paraguay fase anterior , LÃ³pez considerar que estar ¡ frente mayor prueba demostrar que crecimiento no ser obra casualidad .",Deportes,https://www.jornada.com.mx/2024/03/06/deportes/a11n2dep?partner=rss,2024-03-06
La Jornada,abrumador dÃ©ficit anual 360 mil mdd medida equidad : ONU,"principal obstÃ¡ culo lograr igualdad gÃ©nero 2030 ser â€œalarmante falta financiamientoâ€ , pues existir â€œabrumador dÃ©ficit anual 360 mil millón dÃ³laresâ€ , medida global destinado alcanzar meta .",EconomÃ­a,https://www.jornada.com.mx/2024/03/06/economia/017n2eco?partner=rss,2024-03-06
La Jornada,"dÃ©cada , AmÃ©rica MÃ³vil reducir sÃ³lo 10 punto participaciÃ³n mantener dominio","dÃ©cada que declarÃ³ AmÃ©rica MÃ³vil agente preponderante , participaciÃ³n mercado haber reducir alrededor 10 punto porcentual , compaÃ±Ã­as sector seguir poder competir , reportÃ³ consultora mexicano The Competitive Intelligence Unit ( The CIU ) .",EconomÃ­a,https://www.jornada.com.mx/2024/03/06/economia/019n3eco?partner=rss,2024-03-06
La Jornada,presentar Javier Valdez : Bato FIL MinerÃ­a,"legado periodÃ­stico literario Javier Valdez seguir ¡ vigente aÃ±os ser obligar lectura texto MÃ©xico bÃ¡ rbaro incendiado , sostener Griselda Triana , compaÃ±era vida corresponsal Jornada asesinado mayo 2017 .",Cultura,https://www.jornada.com.mx/2024/03/06/cultura/a04n2cul?partner=rss,2024-03-06
La Jornada,Marca rÃ©cord bitcÃ³in,"Londres . bitcÃ³in alcanzar ³ mÃ¡ximo histÃ³rico martes , impulsado inversor inyectar dinero criptoproducto cotizado contado Estados Unidos perspectiva que tasa interÃ©s mundial poder bajar . mayor criptomoneda mundo alcanzar ³ mÃ¡ximo 69 mil 202 dÃ³lares , superar rÃ©cord histÃ³rico 68 mil 999.99 dÃ³lares noviembre 2021 .",EconomÃ­a,https://www.jornada.com.mx/2024/03/06/economia/016n3eco?partner=rss,2024-03-06
La Jornada,persistir mayor exclusiÃ³n mujer mercado laboral,"pese que mujer generar riqueza ser elemento indispensable aumentar competitividad paÃ­ses , principal problema exclusiÃ³n mercado laboral estar ¡ relacionado factor asociado estereotipo papel tradicional gÃ©nero .",EconomÃ­a,https://www.jornada.com.mx/2024/03/06/economia/017n1eco?partner=rss,2024-03-06
La Jornada,agosto ver ( extracto ),"primero tres aÃ±os ser puntual dÃ­as , noche cama maÃ±ana baÃ±o , tregua sagrado regla parto . ambos ver tiempo amenaza rutina , poner acuerdo decidir sumar amor grano aventura . Ã©poca solÃ­an ir motel lance , tanto mÃ¡ s refinado como malo muerte , noche hotel ser asaltar mano armado dejar puro cuero . ser inspiración tanto imprevista que acostumbrÃ³ llevar preservativo cartera evitar sorpresa . que descubrir azar marca llevar impreso anuncio publicidad : Next Time Buy Lutecian . asã ­ ser como inaugurar largo Ã©poca amor llevar premio frase feliz , chiste procaz sentencia SÃ©neca .",Cultura,https://www.jornada.com.mx/2024/03/06/cultura/a03n3cul?partner=rss,2024-03-06
La Jornada,"MÃ©xico , mayor comprador grano EU ; desplazar China","luego realizar importación agroalimentario rÃ©cord , 2023 MÃ©xico convertir principal comprador grano Estados Unidos mandÃ³ China segundo posiciÃ³n , revelÃ³ informaciÃ³n Departamento Agricultura Estados Unidos ( USDA , sigla inglÃ©s ) .",EconomÃ­a,https://www.jornada.com.mx/2024/03/06/economia/019n1eco?partner=rss,2024-03-06
La Jornada,"restaurar Victoria , antiguo madererÃ­a transformar ¡ Casa Libro Monterrey","Monterrey , NL. , emblemÃ¡ tico edificio albergÃ³ madererÃ­a Victoria , construido 1945 dentro tendencia arquitectÃ³nica art decÃ³ tardÃ­o , empezÃ³ ser restaurado serÃ ¡ convertido Casa Libro Monterrey , 60 aÃ±os abandono .",Cultura,https://www.jornada.com.mx/2024/03/06/cultura/a05n2cul?partner=rss,2024-03-06
La Jornada,"Diccionario rendir homenaje Moliner , BC","Tijuana , BC. , CompaÃ±Ã­a Nacional Teatro llegÃ³ pasado fin semana Tijuana â hm como parte descentralizaciÃ³nâ€ "" Diccionario , primero actriz Luisa Huertas dar vida MarÃ­a Moliner ; Daniel GimÃ©nez Cacho , como gancho abarrotar Centro Cultural Tijuana ( Cecut ) charla â€ profesiÃ³n actorâ€ puesta escena Â¡Violencia ! , coproducciÃ³n Centro Cultural HelÃ©nico .",Cultura,https://www.jornada.com.mx/2024/03/06/cultura/a05n1cul?partner=rss,2024-03-06
La Jornada,muriã³ fotÃ³grafo catalÃ¡ n RamÃ³n Masats,,Cultura,https://www.jornada.com.mx/2024/03/06/cultura/a04n3cul?partner=rss,2024-03-06
La Jornada,mantener peso abajo 17 dÃ³lar,"peso logrÃ³ sostener debajo lÃ­nea 17 dÃ³lar spot â hm mejor nivel inicio 2024â€ "" segundo jornada consecutivo .",EconomÃ­a,https://www.jornada.com.mx/2024/03/06/economia/016n2eco?partner=rss,2024-03-06
La Jornada,Charros femenil tomar delantero serie semifinal,"Diablos Rojos perder primero duelo semifinal Liga Mexicana Softbol femenil . Charros Jalisco pegar 6-3 escarlata , poner 1-0 .",Deportes,https://www.jornada.com.mx/2024/03/06/deportes/a30n2dep?partner=rss,2024-03-06
La Jornada,"desigualdad cambio climÃ¡tico , advertir FAO",,EconomÃ­a,https://www.jornada.com.mx/2024/03/06/economia/017n4eco?partner=rss,2024-03-06
La Jornada,Arquitecto Riken Yamamoto ganar premio Pritzker,"Nueva York . japonÃ©s Riken Yamamoto ganar ³ premio Pritzker 2024 , considerado Nobel arquitectura , informÃ³ organizaciÃ³n responsable distinciÃ³n comunicado elogiar â€œestilo tranquilizadorâ€ .",Cultura,https://www.jornada.com.mx/2024/03/06/cultura/a04n1cul?partner=rss,2024-03-06
La Jornada,Tigres Pachuca rescatar empate octavo final Liga Campeones,definir ¡ dentro semana Liga Campeones Concacaf .,Deportes,https://www.jornada.com.mx/2024/03/06/deportes/a30n1dep?partner=rss,2024-03-06
La Jornada,"â€ œescribir poesÃ­a equivaler explorar alma , implicar ","poeta indÃ­gena Margarita LeÃ³n ( Santiago Anaya , Hidalgo , 1982 ) sufrir experiencia aterrador cuando ser niÃ±a : muerte madre parto dÃ©cimo hijo . Margarita , entonces 9 aÃ±os , querer recitar poema rendir homenaje festival DÃ­a Madres , enmudeciÃ³ frente asistente .",Cultura,https://www.jornada.com.mx/2024/03/06/cultura/a02n1cul?partner=rss,2024-03-06
La Jornada,gradÃºan 10 astronauta EU ; ser elegible ir Luna Marte,"Houston . luego dos aÃ±os riguroso entrenamiento , 10 estadunidense convertir forma oficial astronauta martes ahora ser elegible misión NASA EstaciÃ³n Espacial Internacional ( EEI ) , Luna , si ir bien , Marte .",Ciencias,https://www.jornada.com.mx/2024/03/06/ciencias/a06n3cie?partner=rss,2024-03-06
La Jornada,MbappÃ© comandar PSG cuarto final Champions,"San SebastiÃ¡ n . Kylian MbappÃ © no ir extraÃ±ar ParÃ­s Saint-Germain si decidir partir club . parisino , cambio , sÃ­ echarÃ¡ n menos cuando francÃ©s no estÃ© liquidar partido definitorio , como suscitÃ³ ayer Champions Real Sociedad ( 2-1 ) .",Deportes,https://www.jornada.com.mx/2024/03/06/deportes/a11n1dep?partner=rss,2024-03-06
La Jornada,polã­tica fiscal requerir perspectiva gÃ©nero,"falta perspectiva gÃ©nero diseÃ±o polÃ­ticas fiscal fortalecer desigualdad hombre mujer AmÃ©rica Latina , afirmar especialista organizaciÃ³n Fundar .",EconomÃ­a,https://www.jornada.com.mx/2024/03/06/economia/017n3eco?partner=rss,2024-03-06
La Jornada,BdeM disminuir ¡ tasa referencia mes : encuesta Citibanamex,"Analistas sector financiero consultado Citibanamex esperar que mes Banco MÃ©xico ( BdeM ) hacer recorte cuarto punto porcentual tasa referencia , instrumento marcar costo financiar empresa familia , actualmente encontrar 11.25 ciento .",EconomÃ­a,https://www.jornada.com.mx/2024/03/06/economia/018n1eco?partner=rss,2024-03-06
La Jornada,"cÃ©lulas lÃ­quido amniÃ³tico , cientÃ­ficos crear miniÃ³rganos","Washington . CientÃ­ficos crear miniÃ³rganos partir cÃ©lulas flotar lÃ­quido rodear feto Ãºtero , avance considerar que poder abrir nuevo Ã¡reas medicina prenatal .",Ciencias,https://www.jornada.com.mx/2024/03/06/ciencias/a06n1cie?partner=rss,2024-03-06
La Jornada,"mÃ¡xima seguridad , atleta desfilar n barco Sena","parã­s . total 180 barco , 94 transportar ¡ n deportista , desfilar n rÃ­o Sena ParÃ­s como parte ceremonia inauguraciÃ³n Juegos OlÃ­mpicos 2024 , 26 julio , detaller ³ prefecto regiÃ³n Ile-de-France , Marc Guillaume .",Deportes,https://www.jornada.com.mx/2024/03/06/deportes/a12n1dep?partner=rss,2024-03-06
La Jornada,desconectar Cuba 74/100 alumbrado pÃºblico falta combustible,"Habana . Cuba apagÃ³ casi tres cuarto parte alumbrado pÃºblico hora mayor consumo hacer frente creciente escasez energÃ­a , reportar martes medio estatal , cuando crisis econÃ³mica ser vez mÃ¡ s profundo isla .",EconomÃ­a,https://www.jornada.com.mx/2024/03/06/economia/018n2eco?partner=rss,2024-03-06
La Jornada,"estar disponible , volver segundo libro mÃ¡ s vender","lanzamiento novela pÃ³stuma Gabriel GarcÃ­a MÃ¡rquez ( 1927- 2014 ) , agosto ver , llegar hoy librerÃ­as concordancia cumpleaÃ±os autor colombiano , haber convertir fenÃ³meno venta : Amazon colocar como segundo libro mÃ¡ s vender MÃ©xico .",Cultura,https://www.jornada.com.mx/2024/03/06/cultura/a03n2cul?partner=rss,2024-03-06
La Jornada,distribuir 300 mil ejemplar mundo obra pÃ³stuma Gabo,"Madrid . multitudinario rueda prensa Instituto Cervantes Madrid , acudir 50 periodista mÃ¡ s 180 seguir transmisiÃ³n Internet , hijo Gabriel GarcÃ­a MÃ¡ rquez rememorar Ãºltimos dÃ­as padre , cuando dictar fiel secretaria , Monica Alonso , corrección postrer obra literario , dejer inconcluso disperso cinco manuscrito .",Cultura,https://www.jornada.com.mx/2024/03/06/cultura/a03n1cul?partner=rss,2024-03-06
La Jornada,"inspirado mujer , AgÃºndez anhelar hacer historia JO","pasado 26 febrero , Gabriela AgÃºndez fin respir alivio . convertir manera oficial seleccionado olÃ­mpica queter peso encima clavadista , partir entonces desechar inquietud mente concentrar lleno preparaciÃ³n .",Deportes,https://www.jornada.com.mx/2024/03/06/deportes/a12n2dep?partner=rss,2024-03-06
La Jornada,senador aprobar iniciativa igualdad salarial deporte,"unanimidad , Senado RepÃºblica aprobÃ³ ayer reforma Ley Federal Trabajo ( LFT ) encaminado avanzar igualdad salarial deporte profesional , establecimiento salario base hombre muje-r respeto pleno derecho laboral futbolista , boxeado-ra , luchadora integrante disciplina , no poder ¡ n ser discriminar hostigado .",Deportes,https://www.jornada.com.mx/2024/03/06/deportes/a10n1dep?partner=rss,2024-03-06
La Jornada,"futbolista varonil ganar 5 mdd anual , jugadora 12 mil mensual","futbol profesional existir amplio brecha salarial hombre mujer . acuerdo sitio especializado como Salary Sport , delantero francÃ©s Tigres , AndrÃ©-Pierre Gignac , percibir alrededor 5 millón dÃ³lares anual , sueldo promedio jugadora Liga Mx Femenil ser 8 mil 12 mil peso mensual . excepción , mayorÃ­a aÃºn deber pagar renta , comida nutriÃ³logos profesional falta respaldo cabal club . ComisiÃ³n Federal Competencia EconÃ³mica sancionÃ³ 2021 FMF promover brecha salarial gÃ©nero .",Deportes,https://www.jornada.com.mx/2024/03/06/deportes/a10n2dep?partner=rss,2024-03-06
ExpansiÃ³n,"MÃ©xico , espera que EU demostrar seguridad consumo maÃ­z transgÃ©nico","medio disputa comercio grano , subsecretario Agricultura mexicano decir que haber ciencia probar que Ã©ste herbicida glifosato ser daÃ±inos salud humano .",EconomÃ­a,https://expansion.mx/economia/2024/03/06/eu-mexico-conflicto-maiz-transgenico-tmec,2024-03-06
ExpansiÃ³n,mujeres necesitar ahorro 80/100 mayor que hombre igualar ingreso retiro,"tener buen ingreso retiro ser gran desafÃ­o generación mÃ¡ s jelven ; embargo , mujer ser aÃºn mÃ ¡ s , debido dificultad adicional enfrentar .",EconomÃ­a,https://expansion.mx/economia/2024/03/06/mujeres-necesitan-ahorro-80-mayor-que-hombres-para-retiro,2024-03-06
ExpansiÃ³n,"fintech adquirir mercado , reto estar ¡ rentabilidad : Fitch",Fitch advertir que institución como Sofipos fintech tener capacidad financiamiento menos diversificado .,EconomÃ­a,https://expansion.mx/economia/2024/03/06/fintech-adquieren-mercado-el-reto-sera-rentabilidad-fitch,2024-03-06
ExpansiÃ³n,Â¿ cuã¡nto ganar Puebla ? ser sueldo promedio,"conocer cuÃ ¡ l ser salario promedio Puebla nivel calidad vida considerar aspecto como industria , actividad , movilidad empleo .",EconomÃ­a,https://expansion.mx/economia/2024/03/06/cuanto-se-gana-en-puebla-sueldo-promedio,2024-03-06
ExpansiÃ³n,OpenAI responder demanda Musk : â€ œquerã­a control empresaâ€ ,fundador empresa seÃ±alaron multimillonario buscar que OpenAI fusionar Tesla partir ahÃ­ convertir director ejecutivo .,TecnologÃ­a,https://expansion.mx/tecnologia/2024/03/06/openai-responde-demanda-elon-musk,2024-03-06
ExpansiÃ³n,Tinder Latam Sensei Media lanzar pÃ³dcast MÃ©xico : Â¡ haz Match !,actriz presentadora Ana SÃ¡enz unir proyecto como conductora oficial Â¡Haz Match ! charlar celebridad pareja historia Tinder .,TecnologÃ­a,https://expansion.mx/tecnologia/2024/03/06/tinder-latam-y-sensei-media-lanzan-podcast-en-mexico-haz-match,2024-03-06
ExpansiÃ³n,"Avances inflaciÃ³n EU "" no estar n asegurado "" , seÃ±ala Jerome Powell",""" si economÃ­a evolucionar general como esperar , seguramente ser ¡ apropiado comenzar flexibilizar polÃ­tica ( monetario ) algÃºn punto aÃ±o "" , asegurar presidente Reserva Federal .",EconomÃ­a,https://expansion.mx/economia/2024/03/06/avances-contra-inflacion-eu-no-estan-asegurados-fed,2024-03-06
ExpansiÃ³n,Airbnb seÃ±ala que estancia Semana Santa descubrir ¡ n nuevo destino,"viajero nacional estar n buscar destino menos turÃ­sticos , donde idea ser explorar nuevo pueblito ciudad .",TecnologÃ­a,https://expansion.mx/tecnologia/2024/03/06/destinos-favoritos-mexico-segun-airbnb,2024-03-06
ExpansiÃ³n,confianza consumidor estancar febrero,"consumidor mexicano percibir mejora condición econÃ³micas hogar paÃ­s , mejorar disposiciÃ³n consumo durable . disminuir confianza futuro cercano .",EconomÃ­a,https://expansion.mx/economia/2024/03/06/se-estanca-confianza-del-consumidor-febrero-inegi,2024-03-06
ExpansiÃ³n,buen malo austeridad republicano prometer Sheinbaum,"ganar ganar , reto estar ¡ analizar presupuesto pÃºblico que gastar concepto redituable economÃ­a , ademÃ¡ s generar mÃ¡ s ingreso considerar reforma tributario .",EconomÃ­a,https://expansion.mx/economia/2024/03/06/bueno-y-malo-de-austeridad-republicana-claudia-sheinbaum,2024-03-06
ExpansiÃ³n,Fujifilm querer revivir pasiÃ³n fotografÃ­a mÃ¡s allÃ ¡ algoritmo,empresa japonés abrir showroom Ciudad MÃ©xico objetivo mostrar categorÃ­as producto impulsar creaciÃ³n artÃ­stica .,TecnologÃ­a,https://expansion.mx/tecnologia/2024/03/06/fujifilm-mexico-abre-showroom-analogico-cdmx,2024-03-06
ExpansiÃ³n,"MatÃ­as NuÃ±ez ser CEO Openbank , banco digital Santander","banco dar conocer que NuÃ±ez , tambener ser parte Consejo AdministraciÃ³n Getnet , ser ¡ lÃ­der unidad digital salir aÃ±o .",EconomÃ­a,https://expansion.mx/economia/2024/03/05/matias-nunez-ceo-openbank,2024-03-06
ExpansiÃ³n,Amazon MÃ©xico querer llevar corazÃ³n editorial e-commerce,"empresa tecnologÃ­a tener nuevo gerente general paÃ­s , Pedro Huerta , tener experiencia industria libro , tambiÃ©n dispositivo inteligente .",TecnologÃ­a,https://expansion.mx/tecnologia/2024/03/05/amazon-mexico-ventas-de-libros-terreno-digital,2024-03-06
La Jornada,"Checo , triunfo Qiddiya",,Deportes,https://www.jornada.com.mx/2024/03/07/deportes/a12n3dep?partner=rss,2024-03-07
La Jornada,Oro romper barrera 2 mil dÃ³lares,,EconomÃ­a,https://www.jornada.com.mx/2024/03/07/economia/021n3eco?partner=rss,2024-03-07
La Jornada,"final Copa Oro , jugadora EU enfrentar n Brasil","Ãngeles . anfitriono Estados Unidos derrotÃ³ ayer CanadÃ ¡ 3-1 tanda penal empatar 2-2 tiempo reglamentario , medir ¡ Brasil final primero ediciÃ³n Copa Oro futbol femenino .",Deportes,https://www.jornada.com.mx/2024/03/07/deportes/a32n4dep?partner=rss,2024-03-07
La Jornada,confianza consumidor lograr quinto mejor registro 2 dÃ©cadas : Inegi,"febrero , preÃ¡ mbulo campaÃ±as electoral , Indicador Confianza Consumidor ( ICC ) ubicÃ³ 47.01 punto , quinto mejor registro que iniciar serie hacer mÃ¡s dos dÃ©cadas . dato representar ligero baja respecto enero , cuando mediciÃ³n dar como resultado 47.05 punto ; comparativo anual tener avance 2.4 punto , reportÃ³ Instituto Nacional EstadÃ­stica GeografÃ­a ( Inegi ) .",EconomÃ­a,https://www.jornada.com.mx/2024/03/07/economia/021n1eco?partner=rss,2024-03-07
La Jornada,avanzar producciÃ³n exportaciÃ³n auto,"cuello botella registrÃ³ industria automotriz mexicano debido interrupciÃ³n cadena suministro nivel mundial haber ir desfogar . febrero , producciÃ³n aumentar 7.76 ciento tasa anual venta unidad extranjero repontiar 22.62 ciento , consignÃ³ Instituto Nacional EstadÃ­stica GeografÃ­a ( Inegi ) .",EconomÃ­a,https://www.jornada.com.mx/2024/03/07/economia/019n2eco?partner=rss,2024-03-07
La Jornada,FiscalÃ­a pedir 4 aÃ±os cÃ¡rcel Ancelotti presunto fraude fiscal,"Madrid . FiscalÃ­a espaÃ±ola acusir tÃ©cnico Real Madrid , Carlo Ancelotti , supuesto fraude fiscal decir que utilizar empresa pantalla ocultar parte ingreso primero etapa club hacer mÃ¡s dÃ©cada .",Deportes,https://www.jornada.com.mx/2024/03/07/deportes/a11n3dep?partner=rss,2024-03-07
La Jornada,peso hacer cinco jornada ganancia frente dÃ³lar,"pese desfase polÃ­ticas monetario MÃ©xico Estados Unidos , hacer ¡ disminuir corto plazo diferencial tasa interÃ©s ambos economÃ­as , MÃ©xico seguir ser atractivo inversionista internacional , ahÃ­ fortaleza moneda nacional , estar ¡ mejor nivel inicio aÃ±o .",EconomÃ­a,https://www.jornada.com.mx/2024/03/07/economia/021n2eco?partner=rss,2024-03-07
La Jornada,contribuir migrante aumento inversiÃ³n exportación : OIM,"migrante ser catalizador economÃ­as , pues acción contribuir aumento exportación , inversiÃ³n extranjero directo ( IED ) productividad , asegurar ³ Violetta Kuzmova , titular Ã¡rea Desarrollo Sostenible MigraciÃ³n OrganizaciÃ³n Internacional Migraciones ( OIM ) .",EconomÃ­a,https://www.jornada.com.mx/2024/03/07/economia/020n1eco?partner=rss,2024-03-07
La Jornada,multar RFEF falta protocolo acoso Mundial femenil,"Barcelona . ministerio Trabajo EspaÃ±a enviÃ³ acta infracciÃ³n Real FederaciÃ³n EspaÃ±ola Futbol ( RFEF ) falta protocolo acoso cuando ex dirigente organismo deportivo Luis Rubiales dar beso no consensuado Jennifer Hermoso . ademã¡ s , sancionÃ³ junto Barcelona no tener plan igualdad , poder desembocar multa 7 mil 500 euro .",Deportes,https://www.jornada.com.mx/2024/03/07/deportes/a11n2dep?partner=rss,2024-03-07
La Jornada,disciplina menos riesgo mujer inversionista,"pese que tener menos confianza hora elegir inversión , mujer soler superar rentabilidad cartera capital hombre , ya que ser disciplinar , tener menos probabilidad cambiar perfil riesgo medio volatilidad , documentar arriesgar acuerdo objetivo , evidenciÃ³ UBS Women and Investing .",EconomÃ­a,https://www.jornada.com.mx/2024/03/07/economia/017n2eco?partner=rss,2024-03-07
La Jornada,John Saxe-FernÃ¡ ndez : guerra paz : advertencia lengua franco,"presidente francÃ©s Emmanuel MacrÃ³n , decir desdici<UNK><UNK>ndo , proponer conferencia apoyo Ucrania ( ParÃ­s , 26 /1/24 ) frente 27 lÃ­deres ministro UE OTAN , enviar tropa terrestre campo batalla ucranio , sabiendas que generar intensificaciÃ³n bÃ©lica , rechazo generalizado luego recular mantener hostilidad rusofÃ³bica . enviar tropa zona conflicto ser provocaciÃ³n orden mayor Rusia .",EconomÃ­a,https://www.jornada.com.mx/2024/03/07/economia/018a1eco?partner=rss,2024-03-07
La Jornada,"fundamento , inquietud EU vehÃ­culos chino","primero bimestre aÃ±o , dos cada 10 auto vendido MÃ©xico ser importar China , seÃ±alÃ³ conferencia Cristina VÃ¡zquez , coordinadora Estudios EconÃ³micos AsociaciÃ³n Mexicana Distribuidores Automotores ( AMDA ) .",EconomÃ­a,https://www.jornada.com.mx/2024/03/07/economia/019n3eco?partner=rss,2024-03-07
La Jornada,Diputados rendir tributo creador Macondo,"aniversario 97 nacimiento escritor Gabriel GarcÃ­a MÃ¡rquez , CÃ¡ mara Diputados recordÃ³ premio Nobel Literatura 1982 como â€œuno maestro literatura universalâ€ ponderÃ³ â€ œsu genialidad contribuciÃ³n patrimonio cultural humanidadâ€ .",Cultura,https://www.jornada.com.mx/2024/03/07/cultura/a04n2cul?partner=rss,2024-03-07
La Jornada,"IntegraciÃ³n femenino mercado laboral mexicano , mÃ¡ s baja LatinoamÃ©rica","participaciÃ³n mujer mercado laboral mexicano ser mÃ¡ s baja AmÃ©rica Latina , hecho influenciado factor social cultural limitar incorporaciÃ³n actividad econÃ³micas aunado falta polÃ­ticas pÃºblicas , dar conocer Citibanamex .",EconomÃ­a,https://www.jornada.com.mx/2024/03/07/economia/017n1eco?partner=rss,2024-03-07
La Jornada,llegar Rusia â€ œuna buen historiaâ€ ,"MoscÃº . novela pÃ³stuma Gabriel GarcÃ­a MÃ¡rquez , agosto ver , salir ayer luz Rusia , confirmÃ³ grupo editorial AST .",Cultura,https://www.jornada.com.mx/2024/03/07/cultura/a03n3cul?partner=rss,2024-03-07
La Jornada,construcciÃ³n 2 nuevo terminal recuperar ¡ AICM capacidad operativo,"gobierno mexicano recuperar ¡ capacidad Aeropuerto Internacional Ciudad MÃ©xico ( AICM ) manera gradual haber realizar estudio implicar construccir dos nuevo terminal prÃ³ximos 10 aÃ±os atender demanda actual futuro instalaciÃ³n , contexto que â€ œlas terminal 1 2 acercar final vida Ãºtilâ€ , informÃ³ SecretarÃ­a Infraestructura , Comunicaciones Transportes ( SICT ) .",EconomÃ­a,https://www.jornada.com.mx/2024/03/07/economia/019n1eco?partner=rss,2024-03-07
La Jornada,"artista cubano colaborar fomentar muralismo San Salvador , Hidalgo","San Salvador , hgo. , como parte actividad impulsar interÃ©s vecino comunidad indÃ­genas elaboraciÃ³n mural arte plÃ¡sticas , ser develar pasado 1 marzo mural Hermanamiento raÃ­ces corazón AmÃ©rica , localidad otomÃ­ Rodrigo , municipio San Salvador , Hidalgo .",Cultura,https://www.jornada.com.mx/2024/03/07/cultura/a05n2cul?partner=rss,2024-03-07
La Jornada,ingreso venta cafÃ© caer 28/100 aÃ±o,"valor exportación cafÃ© MÃ©xico caer 28 ciento 2023 comparacer aÃ±o previo , revelar dato oficial . anterior pesar contexto mayor cotización internacional afectación cosecha fenÃ³menos climÃ¡ tico adverso .",EconomÃ­a,https://www.jornada.com.mx/2024/03/07/economia/019n4eco?partner=rss,2024-03-07
La Jornada,explorar tomã¡ s PÃ©rez vejo â€œinvenciÃ³nâ€ MÃ©xico,"historiador tomã¡ s PÃ©rez Vejo , libro naciÃ³n doliente : imã¡ gen profanas historia sagrado ( Instituto Nacional AntropologÃ­a Historia , 2024 ) , relatar cÃ³mo partir siglo XIX dejar contar pintura MÃ©xico historia nacimiento , muerte resurrecciÃ³n Cristo narrar historia nacimiento , muerte resurrecciÃ³n naciÃ³n mexicano .",Cultura,https://www.jornada.com.mx/2024/03/07/cultura/a05n1cul?partner=rss,2024-03-07
La Jornada,JosÃ© Cueli : Goya Palillo,"Cristina Hoyos , flamenco flamenquerÃ­a catalán , magia magia , vistiÃ³ futbolista equipo Barcelona , parte , , , Puma universitario . marco Camp Nou , no cabÃ­a ni mosca mÃ¡ s , vibrar instante aprisionar pase ritmo furia espaÃ±ola futbolero tornado rumba flamenco , vibrante esconder amor pintor aragonÃ©s . Â¡ Goya , goya !",Cultura,https://www.jornada.com.mx/2024/03/07/cultura/a04a1cul?partner=rss,2024-03-07
La Jornada,"Magic remontar vencer 119-109 Wizards , hacer 16 derrota","Washington . Franz Wagner anotÃ³ 28 punto , Paolo Banchero aÃ±adiÃ ³ 25 Magic Orlando remontÃ ³ dÃ©ficit 21 unidad segundo cuarto vencer miÃ©rcoles 119-109 Wizards Washington , sufrir derrota 16 consecutivo .",Deportes,https://www.jornada.com.mx/2024/03/07/deportes/a32n2dep?partner=rss,2024-03-07
La Jornada,Charros Jalisco ganar segundo juego Diablos Rojos femenil,Charros Jalisco vencer manera cardiaco Diablos Rojos femenil pizarra 11-10 ayer juego ir extrainning .,Deportes,https://www.jornada.com.mx/2024/03/07/deportes/a32n3dep?partner=rss,2024-03-07
La Jornada,persistir brecha gÃ©nero TIC,,EconomÃ­a,https://www.jornada.com.mx/2024/03/07/economia/017n4eco?partner=rss,2024-03-07
La Jornada,VÃ­ctor BenÃ­tez definir mÃ¡ scara como metÃ¡ fora identidad,"mã¡ s que artefacto ocultar rostro representar mÃ¡ s , fotÃ³grafo VÃ­ctor BenÃ­tez entender mÃ¡ scara como concepto metÃ¡ fora identidad , tema haber encaminar gran parte interÃ©s propuesta creativo .",Cultura,https://www.jornada.com.mx/2024/03/07/cultura/a04n1cul?partner=rss,2024-03-07
La Jornada,"organizar oaxaqueÃ±os primero Carnaval IndÃ­gena CosteÃ±o Santa Ana , California","preservar cultura , â€œparte ser dÃ³nde venimosâ€ , asÃ ­ como poner alto nombre MÃ©xico lugar origen , San Pedro JicayÃ ¡ n , ser razÃ³n migrante municipio zona costero Oaxaca , radicado Santa Ana , California , decidir organizar primero Carnaval IndÃ­gena CosteÃ±o ciudad Estados Unidos .",Cultura,https://www.jornada.com.mx/2024/03/07/cultura/a02n1cul?partner=rss,2024-03-07
La Jornada,"sorpresa , Real Madrid City avanzar Champions","parã­s . sorpresa , Real Madrid Manchester City cumplir vuelta octavo final Liga Campeones Leipzig ( 1-1 ) Copenhague ( 3-1 ) , respectivamente , unir nombre ParÃ­s Saint-Germain Bayern MÃºnich cuarto final , momento , figurar grande escuadra futbol europeo .",Deportes,https://www.jornada.com.mx/2024/03/07/deportes/a11n1dep?partner=rss,2024-03-07
La Jornada,Impuesto desigualdad,"BerlÃ­n . aunque vez producto sÃ³lo diferenciar diseÃ±o tamaÃ±o envase , pensado pÃºblico femenino masculino , ser alemán pagar mÃ¡ s .",EconomÃ­a,https://www.jornada.com.mx/2024/03/07/economia/017n3eco?partner=rss,2024-03-07
La Jornada,"bono ultralargo plazo recorte impuesto , plan desarrollo chino","pekã­n . objetivo crecimiento PIB China alrededor 5 ciento 2024 ser alcanzable â€œarduo trabajoâ€ , afirmer miÃ©rcoles Zheng Shanjie , director ComisiÃ³n Nacional Desarrollo Reforma , explicar principal acción gubernamental restablecer economÃ­a aÃ±o .",EconomÃ­a,https://www.jornada.com.mx/2024/03/07/economia/018n1eco?partner=rss,2024-03-07
La Jornada,â€ eclipse ser herramienta dar naturaleza conocer mejorâ€ ,"eclipse , mÃ¡s allÃ ¡ atraer atenciÃ³n niÃ±os adulto , dar lugar mito inspirar literato , â€œson herramienta proporcionar naturaleza conocer mejorâ€  , afirmer Luis Felipe RodrÃ­guez Jorge . observaciÃ³n haber ampliar conocimiento movimiento cuerpo sistema solar , descubrir helio comprobÃ³ teorÃ­a relatividad , asÃ­ como que Tierra rotar vez mÃ¡ s lentamente .",Ciencias,https://www.jornada.com.mx/2024/03/07/ciencias/a06n1cie?partner=rss,2024-03-07
La Jornada,futbolista cuerpo tÃ©cnico abandonar Chihuahua FC,"Chihuahua , Chih. , jugador cuerpo tÃ©cnico Chihuahua Futbol Club anunciar que continuidad equipo Liga Premier Mx es â€ œinsostenibleâ€ . abandonar plantel regresar lugar origen , derivado que dueÃ±o franquicia , Carlos Lazo Reyes , permanecer prÃ³fu-go justicia presunto fraude mÃ¡s mil millón peso realizÃ³ travÃ©s empresa apuesta deportivo Yox Holding .",Deportes,https://www.jornada.com.mx/2024/03/07/deportes/a12n1dep?partner=rss,2024-03-07
La Jornada,ContinÃºa idilio mexicano Nobel colombiano,"admiraciÃ³n escritor Gabriel GarcÃ­a MÃ¡rquez ( 1927-2014 ) continÃºa MÃ©xico . ayer , joven lector mostrar embebido Metro lectura emblemÃ¡tica novela amor tiempos cÃ³lera . preguntar si conocer texto inÃ©dito agosto ver , expresÃ³ deseo obtener â€œcuanto antesâ€ .",Cultura,https://www.jornada.com.mx/2024/03/07/cultura/a03n2cul?partner=rss,2024-03-07
La Jornada,experto reducir previsión crecimiento Alemania,"BerlÃ­n . dos instituto investigaciÃ³n alemán recortar ayer previsión crecimiento 2024 , Ãºltimo golpe mayor economÃ­a zona euro .",EconomÃ­a,https://www.jornada.com.mx/2024/03/07/economia/020n2eco?partner=rss,2024-03-07
La Jornada,lector espaÃ±oles celebrar publicaciÃ³n agosto ver,"Madrid . â€ <UNK>e tratar novela Gabriel GarcÃ­a MÃ¡rquez , mÃ¡ s aÃºn , libro inÃ©dito pÃ³stumo , habÃ­a expectativa . haber notar primero dÃ­a salir venta . sã³lo primero hora haber vender mÃ¡ s 100 ejemplar , margen gente haber estar preguntar Ãºltimos dÃ­as novelaâ€ , relatÃ³ responsable librerÃ­as mÃ¡ s importante Madrid , Central , maÃ±ana cambiÃ³ escaparate situar lugar privilegiado ejemplar agosto ver , publicar EspaÃ±a editorial Random House , MÃ©xico CentroamÃ©rica hacer editorial Diana , Grupo Planeta .",Cultura,https://www.jornada.com.mx/2024/03/07/cultura/a03n1cul?partner=rss,2024-03-07
La Jornada,"MÃ©xico , segundo paÃ­s mÃ¡ s seguir SupertazÃ³n 24.1 millón televidente","24.1 millón televidente , MÃ©xico convertir paÃ­s mayor seguimiento SupertazÃ³n 58 despuÃ©s Estados Unidos ; incremento importante si tomar cuenta que 2023 audiencia ser 20.7 millón .",Deportes,https://www.jornada.com.mx/2024/03/07/deportes/a12n2dep?partner=rss,2024-03-07
La Jornada,"AmÃ©rica , pie cuarto final Concachampions","AmÃ©rica poner pie cuarto final Copa Campeones Concacaf golear 3-0 Chivas , quedar ³ jugador menos mayor parte segundo tiempo miÃ©rcoles partido ida octavo final , disputado estadio Akron .",Deportes,https://www.jornada.com.mx/2024/03/07/deportes/a32n1dep?partner=rss,2024-03-07
La Jornada,Fin sueÃ±o : tricolor quedar paso final perder 3-0 Brasil,"haber esperanza , apagÃ³ 10 minuto . selecciÃ³n femenil mexicano futbol vislumbrar Ã©xito que caer ayer 3-0 Brasil desplegÃ³ potencial miramiento alcanzar final Copa Oro W. expulsiÃ³n error zaga sentenciar tricolor , perder invicto Pedro LÃ³pez despuÃ©s 23 juego .",Deportes,https://www.jornada.com.mx/2024/03/07/deportes/a10n1dep?partner=rss,2024-03-07
La Jornada,esperar empatÃ­a diputado ley sueldo base : Monroy,"NoemÃ­ Monroy , abogada especializado asunto deportivo promotora iniciativa establecer salario base deporte profesional , indicÃ³ que esperar igual empatÃ­a respaldo parte diputado que ser votar cambio profundo proyecto decretar como ley tiempo aproximado dos mes , evitar retraso elección .",Deportes,https://www.jornada.com.mx/2024/03/07/deportes/a10n2dep?partner=rss,2024-03-07
ExpansiÃ³n,Citibanamex esperar continuidad econÃ³mica siguiente sexenio,"economista jefe Citi AmÃ©rica Latina , Ernesto Revilla , destacÃ³ que siguiente gobierno deber ¡ tambiÃ©n dar prioridad finanzas Pemex .",EconomÃ­a,https://expansion.mx/economia/2024/03/07/citibanamex-espera-continuidad-economica-en-el-siguiente-sexenio,2024-03-07
ExpansiÃ³n,inverser extranjero directo poder superar 36.000 mdd 2024 : Hacienda,"estar superar "" histÃ³rica "" cifra aÃ±o anterior , decir Rogelio RamÃ­rez O.",EconomÃ­a,https://expansion.mx/economia/2024/03/07/inversion-extranjera-directa-podria-superar-los-36-000-mdd-en-2024-hacienda,2024-03-07
ExpansiÃ³n,"trabajo mal pagado , ser desventaja mujer MÃ©xico","jornada semanal trabajo hogar no remunerado ser mÃ¡ s extenso mujer , promedio 32 hora , que hombre ser solo 14 hora , decir Coneval .",EconomÃ­a,https://expansion.mx/economia/2024/03/07/sin-trabajo-y-mal-pagadas-desventajas-de-mujeres-en-mexico,2024-03-07
ExpansiÃ³n,"malo buen : pepino subir 30/100 , jitomate bajar casi 42/100 febrero","pepino , gas lp cebolla ser producto mÃ¡ s subir precio febrero , acuerdo Inegi .",EconomÃ­a,https://expansion.mx/economia/2024/03/07/que-alimentos-subieron-bajaron-de-precio-2024,2024-03-07
ExpansiÃ³n,Ley Mercados Digitales entrar vigor UE,normativa tener objeto garantizar que grande tecnolÃ³gicas comportar manera equitativo lÃ­nea .,TecnologÃ­a,https://expansion.mx/tecnologia/2024/03/07/ley-de-mercados-digitales-entra-vigor-union-europea,2024-03-07
ExpansiÃ³n,nearshoring beneficiar ¡ ganancia cartera banca : MoodyÂ´s,"agencia calificador destacÃ³ que crecimiento empleo bajo costo operaciÃ³n modelo digital , necesidad relocalizaciÃ³n , favorecer ¡ n largo plazo banco .",EconomÃ­a,https://expansion.mx/economia/2024/03/07/nearshoring-beneficiara-bancos-mexico-moodys,2024-03-07
ExpansiÃ³n,"Fed "" no estar ¡ lejos "" confianza necesario recortar tasa : Jerome Powell",""" creer que estar lugar correcto "" , decir presidente Reserva Federal ComisiÃ³n Banca Senado .",EconomÃ­a,https://expansion.mx/economia/2024/03/07/fed-confianza-necesaria-para-recortar-tasas-jerome-powell,2024-03-07
ExpansiÃ³n,registro patente disminuir 2023 primero vez 14 aÃ±os : ONU,incertidumbre econÃ³mica alza tasa interÃ©s estÃ¡ n considerar como principal razón declive .,EconomÃ­a,https://expansion.mx/economia/2024/03/07/registro-de-patentes-disminuyo-en-2023-tras-14-anos-onu,2024-03-07
ExpansiÃ³n,exportación chino crecer fuerza enero febrero 2024,comercio exterior haber ser factor clave crecimiento econÃ³mico China Ãºltimas dÃ©cadas haber generar gran cantidad empleo sector manufacturero .,EconomÃ­a,https://expansion.mx/economia/2024/03/07/exportaciones-chinas-crecen-en-enero-y-febrero-2024,2024-03-07
ExpansiÃ³n,compromiso Citigroup MÃ©xico ser inquebrantable : Jane Fraser,"CEO Citigroup destacÃ³ que , pesar hacer divisiÃ³n banco Banamex Citi MÃ©xico , confÃ­an liderazgo reconfiguraciÃ³n cadena suministro .",EconomÃ­a,https://expansion.mx/economia/2024/03/07/jane-fraser-citigroup-destaca-compromiso-mexico,2024-03-07
ExpansiÃ³n,"mujer invertir mejor que hombre , recibir menos pensiÃ³n","brecha salarial tarea cuidado perjudicar retiro mujer , advertir grupo financiero suizo UBS .",EconomÃ­a,https://expansion.mx/economia/2024/03/07/eres-mujer-podrias-recibir-menos-pension-que-hombres,2024-03-07
ExpansiÃ³n,dÃ©ficit comercial Estados Unidos profundizar enero,"saldo rojo comercio bien servicio resto mundo alcanzar ³ 67.400 millón dÃ³lares primero mes aÃ±o , aumento 5.1/100 respecto diciembre pasado .",EconomÃ­a,https://expansion.mx/economia/2024/03/07/deficit-comercial-de-estados-unidos-se-profundiza-en-enero,2024-03-07
ExpansiÃ³n,inflaciÃ³n desaceler mÃ¡ s esperado febrero,inflaciÃ³n subyacente tambiÃ©n mostrÃ³ incremento mÃ¡ s lento observado Ãºltimos mes . gas LP gasolina sufrir mayor aumento precio mes pasado .,EconomÃ­a,https://expansion.mx/economia/2024/03/07/inflacion-febrero-2024-desacelera-inegi,2024-03-07
ExpansiÃ³n,"computadora dos pantalla , nuevo tendencia querrÃ¡ n tener","aunque ser tendencia empresa estar n impulsar , vez haber mÃ¡ s opción mercado que usuario conocer .",TecnologÃ­a,https://expansion.mx/tecnologia/2024/03/07/laptops-doble-pantalla-seran-nueva-tendencia-computadoras,2024-03-07
ExpansiÃ³n,"nearshoring , nuevo inversión desinflar MÃ©xico","acuerdo cifra oficial , aÃ±o pasado ingresar 4,817 mdd nuevo inversión , cifra apenas representÃ³ 13/100 total IED ; 2022 flujo ser equivalente 50/100 .",EconomÃ­a,https://expansion.mx/economia/2024/03/07/con-todo-y-nearshoring-las-nuevas-inversiones-se-desinflan-en-mexico,2024-03-07
ExpansiÃ³n,"MÃ©xico , espera que EU demostrar seguridad consumo maÃ­z transgÃ©nico","medio disputa comercio grano , subsecretario Agricultura mexicano decir que haber ciencia probar que Ã©ste herbicida glifosato ser daÃ±inos salud humano .",EconomÃ­a,https://expansion.mx/economia/2024/03/06/eu-mexico-conflicto-maiz-transgenico-tmec,2024-03-07
La Jornada,Red indÃ­genas cientÃ­ficas pedir que saber ser considerar plan desarrollo paÃ­s,"ocho mujer pueblo otomÃ­ estado MÃ©xico , maya YucatÃ¡ n , mam Chiapas , asÃ­ como mixteco mazateca Oaxaca , crear Red mujeres IndÃ­genas Ciencia ( Redmic ) propÃ³sito desarrollar proyecto transdisciplinarios generar conocimiento , tecnologÃ­as innovación pro desarrollo comunidad .",Ciencias,https://www.jornada.com.mx/2024/03/08/ciencias/a06n2cie?partner=rss,2024-03-08
La Jornada,exportación MÃ©xico EU marcar rÃ©cord enero,"valor exportación MÃ©xico Estados Unidos comenzar aÃ±o nivel precedente , confirmar posiciÃ³n paÃ­s como principal proveedor socio comercial mayor potencia econÃ³mica mundo , revelar dato oficial naciÃ³n divulgado ayer .",EconomÃ­a,https://www.jornada.com.mx/2024/03/08/economia/019n2eco?partner=rss,2024-03-08
La Jornada,"garantizado , transiciÃ³n â€œsuave ordenadaâ€ : SHCP","polÃ­tica fiscal impulsado actual administraciÃ³n haber buscar â€œsalvaguardar estabilidad macroeconÃ³mica mantener deuda trayectoria estable ; compromiso mantener Ãºltimo aÃ±o gobierno hacer corresponder transiciÃ³n suave ordenadaâ€ , enfatizÃ ³ Rogelio RamÃ­rez o , titular SecretarÃ­a Hacienda CrÃ©dito PÃºblico ( SHCP ) .",EconomÃ­a,https://www.jornada.com.mx/2024/03/08/economia/016n1eco?partner=rss,2024-03-08
La Jornada,"como madre mujer , UFC representar amor fuerza : YazmÃ­n JÃ¡ uregui","apenas nacer hijo poder volver gimnasio , YazmÃ­n JÃ¡ uregui colgÃ³ hombro paÃ±alera biberón regresÃ³ trabajo . haber que sortear transporte pÃºblico condición climÃ¡ticas Tijuana bebÃ© brazo . mÃ¡ s difÃ­cil momento ser supervivencia diario sustento econÃ³mico estable . joven ser promesa local arte marciales mixto hoy ser parte elenco empresa internacional UFC , espectÃ¡ culo deportivo mayor crecimiento mundo .",Deportes,https://www.jornada.com.mx/2024/03/08/deportes/a11n2dep?partner=rss,2024-03-08
La Jornada,"bien raÃ­ces seguro , Ã¡ rea equidad laboral","Juriquilla , Qro. , industria seguro fianza , asÃ­ como bien raÃ­ces , ser mÃ¡s â€œnoblesâ€ MÃ©xico que mujer alcanzar independencia econÃ³mica , igualdad equidad percepción .",EconomÃ­a,https://www.jornada.com.mx/2024/03/08/economia/017n2eco?partner=rss,2024-03-08
La Jornada,misiÃ³n Banamex â€œse haber cumplir ,"motivo consorcio estadunidense Citigroup comprÃ³ Banco Nacional MÃ©xico ( Banamex ) , ser tener banco ofrecer servicio financiero empresario nacional internacional maximizar oportunidad inversiÃ³n paÃ­s , â€œse haber cumplidoner , afirmar directivo instituciÃ³n financiero .",EconomÃ­a,https://www.jornada.com.mx/2024/03/08/economia/016n3eco?partner=rss,2024-03-08
La Jornada,pobreza extremo afectar mÃ¡ s mujer : ONU,"46.8 millón persona vivir situaciÃ³n pobreza extremo MÃ©xico , 53 ciento ser mujer , resaltear jueves OrganizaciÃ³n Naciones Unidas ( ONU ) encuentro representante iniciativa privado gobierno seÃ±alaron urgencia invertir medida destinado equidad gÃ©nero .",EconomÃ­a,https://www.jornada.com.mx/2024/03/08/economia/017n1eco?partner=rss,2024-03-08
La Jornada,prever SCJN avalar tope 0.57/100 comisiÃ³n Afore,Suprema Corte Justicia NaciÃ³n ( SCJN ) poder poner punto final juicio promovido tope mÃ¡ximo 0.57 ciento comisiÃ³n hoy cobrar Afore trabajador administrar ahorro retiro .,EconomÃ­a,https://www.jornada.com.mx/2024/03/08/economia/019n1eco?partner=rss,2024-03-08
La Jornada,mensaje calle Nairobi,,Cultura,https://www.jornada.com.mx/2024/03/08/cultura/a05n2cul?partner=rss,2024-03-08
La Jornada,visibilizar papel mujer mÃºsica â€œes acto justicia todosâ€ ,"visibilizar reconocer papel mujer mÃºsica â€œes acto justicia no sÃ³lo , tambiÃ©n pÃºblico , estudiante dedicar profesiÃ³nâ€ , sostener compositor pedagogo JosÃ © Julio DÃ­az Infante .",Cultura,https://www.jornada.com.mx/2024/03/08/cultura/a05n1cul?partner=rss,2024-03-08
La Jornada,"nunca haber como ahora percepciÃ³n tanto positivo MÃ©xico , destacar economista jefe Citi","economÃ­a mexicano estar ¡ vivir momento mayor atractivo mercado internacional ; parte desempeÃ±o tanto beneficio estar ¡ absorber relocalizacir cadena suministro nivel mundial . â € œno recordar que haber tener percepciÃ³n tanto positivo MÃ©xico como ahoraâ€ , destacÃ³ Nathan Sheets , economista jefe Citi .",EconomÃ­a,https://www.jornada.com.mx/2024/03/08/economia/016n2eco?partner=rss,2024-03-08
La Jornada,"ingreso femenino , 31 ciento menor que hombre",,EconomÃ­a,https://www.jornada.com.mx/2024/03/08/economia/017n4eco?partner=rss,2024-03-08
La Jornada,poeta â€œtoman control voz hacer oÃ­râ€ travÃ©s verso prosa,"actualidad , poeta utilizar verso prosa fomentar sociedad mÃ¡s equitativo , explorar tema profundo personal , ademÃ¡ s â€œtomar control voz hacer oÃ­râ€ , explicar Carmen Nozal , Aurelia CortÃ©s Peyron , Eva CastaÃ±eda Melisa Arzate , , contexto DÃ­a Internacional mujer , conmemorar hoy , hablar Jornada acerca impacto figura femenino preceder , asÃ­ como habilidad reinterpretar expandir legado nuevo dirección creativo .",Cultura,https://www.jornada.com.mx/2024/03/08/cultura/a04n1cul?partner=rss,2024-03-08
La Jornada,tres jelven autor reconocer â€œpoderosa vozâ€ antecesora,"nexo escritora generación cambio pendiente necesario ambiente literario ser asunto autora MÃ³nica Rojas , Nadia LÃ³pez GarcÃ­a Jazmina Barrera mencionar Jornada contexto DÃ­a Internacional mujer .",Cultura,https://www.jornada.com.mx/2024/03/08/cultura/a02n1cul?partner=rss,2024-03-08
La Jornada,"maternidad , motor exitoso carrera Amalia PÃ©rez","maternidad poder frenar impulsar carrera deportis-ta profesional . caso multimedallista paralÃ­mpica Amalia PÃ©rez ocurriÃ³ segundo , pese que cuando embaraz ³ ser mucho criticar que atleta alto rendimiento decidir tener hijo .",Deportes,https://www.jornada.com.mx/2024/03/08/deportes/a11n1dep?partner=rss,2024-03-08
La Jornada,"â€ œno poder creer que calentador solar agua , invento tanto loco , cambiar vida personasâ€ ","puerta vidrio refrigerador descompuesto , 10 botella PET , dos pieza madera , manguera luz Sol , XÃ³chitl Guadalupe Cruz LÃ³pez , niÃ±a San CristÃ³bal Casas , Chiapas , construir calentador solar capacidad hasta 50 litro agua .",Ciencias,https://www.jornada.com.mx/2024/03/08/ciencias/a07n1cie?partner=rss,2024-03-08
La Jornada,desaceler inflaciÃ³n mÃ¡s esperado : 4.4/100 anual,"experimentar aumento tres mes seguido , inflaciÃ³n febrero ser 0.09 ciento , menor avance mÃ¡s tres aÃ±os , reportÃ³ Instituto Nacional EstadÃ­stica GeografÃ­a ( Inegi ) . tasa anual ser 4.4 ciento ; ambos medición resultar debajo previsto analista .",EconomÃ­a,https://www.jornada.com.mx/2024/03/08/economia/017n3eco?partner=rss,2024-03-08
La Jornada,fraude abuso hospital privado impulsar crear regulador autÃ³nomo,"Juriquilla , qro. , paracetamol llegar costar 30 vez mÃ¡ s hospital privado que farmacia esquina , paciente seguro gasto mÃ©dicos prescribir tres cuatro fÃ¡rmacos , cuando sÃ³lo antibiÃ³tico ser indispensable , situación .",EconomÃ­a,https://www.jornada.com.mx/2024/03/08/economia/018n1eco?partner=rss,2024-03-08
La Jornada,"Regina Bittencourt , matemÃ¡ tico ser juego proponer ver como obra arte","â€ œles proponer ver matemÃ¡ tico punto vistaâ€ , como pintura , obra arte basado ciencia . â€ œacã©rquense ver que ser hermoso entretenido â€  , afirmar Regina Bittencourt , artista visual originario ViÃ±a Mar , Chile .",Ciencias,https://www.jornada.com.mx/2024/03/08/ciencias/a06n1cie?partner=rss,2024-03-08
La Jornada,Katia GarcÃ­a serÃ ¡ Ã¡ rbitra central Tuzos-Gallos,"silbante Katia Itzel GarcÃ­a convertir ¡ segundo mujer dirigir partido Liga Mx varonil despuÃ©s que ComisiÃ³n Ãrbitros designÃ³ encuentro sÃ¡ bado Pachuca QuerÃ©taro , correspondiente jornada 11 torneo Clausura 2024 .",Deportes,https://www.jornada.com.mx/2024/03/08/deportes/a12n1dep?partner=rss,2024-03-08
La Jornada,"Inviable , decir si mÃºsica tener gÃ©nero , porque â€ œel patriarcado haber definir quÃ © ser femeninoâ€ ","Â¿ mÃºsica tener gÃ©nero ? Â¿ existir estÃ©tica masculino femenino ? SegÃºn compositora musicÃ³loga Leticia Armijo , ser mucho aventurado contestar forma tajante pregunta , margen cuÃ ¡ ser respuesta .",Cultura,https://www.jornada.com.mx/2024/03/08/cultura/a03n2cul?partner=rss,2024-03-08
La Jornada,â€ ser imposible detener murmullo sirena romper margen errorâ€ ,"compositora musicÃ³loga Leticia Armijo , â€ lucha mujer no poder parar , no haber forma detener , aunque querer callar , corrar trabajo ; hacer hacer , ser imposible detener murmullo sirena romper margen errorâ€ .",Cultura,https://www.jornada.com.mx/2024/03/08/cultura/a03n1cul?partner=rss,2024-03-08
La Jornada,Red Bull suspender empleada acusir Horner acto inapropiado,"yedã ¡ . empleada equipo Red Bull denuncia provocer investigaciÃ³n conducta inapropiado jefe escuderÃ­a , Christian Horner , ser suspender , informar ayer persona conocimiento medida .",Deportes,https://www.jornada.com.mx/2024/03/08/deportes/a12n2dep?partner=rss,2024-03-08
La Jornada,Sabrina Ionescu romper estigma fragilidad femenino retar Curry,"reciente Juego Estrellas NBA haber dos persona lanzar tiro lÃ­nea encestar casi cantidad punto , sÃ³lo tres unidad hacer diferencia . escena parecer sencillo , realidad ser histÃ³rica romper â€ œel estig-ma fragilidad femeninaâ€ , pues competidor ser estre-lla basquetbol Stephen Curry Sabrina Ionescu .",Deportes,https://www.jornada.com.mx/2024/03/08/deportes/a10n1dep?partner=rss,2024-03-08
La Jornada,"caso Hermoso Alves , ejemplo contraste valentÃ­a impunidad","caso Jennifer Hermoso Dani Alves ser ejemplo mÃ¡ s significativo avance obstÃ¡ culo aÃºn existir sociedad enfrentar abuso violencia vivir mujer . espaÃ±ola coral Herrera , escritora especializado tema gÃ©ne-ro doctora humanidad , seÃ±alÃ³ contraste ambos incidente indicar que reflejar impunidad valentÃ­a .",Deportes,https://www.jornada.com.mx/2024/03/08/deportes/a10n2dep?partner=rss,2024-03-08
ExpansiÃ³n,Estados Unidos librar ( vez ) cierre gobierno,Legisladores aprobar Ãºltima hora paquete financiaciÃ³n mantener abierto agencia gubernamental .,EconomÃ­a,https://expansion.mx/economia/2024/03/08/estados-unidos-libra-otra-vez-el-cierre-de-su-gobierno,2024-03-08
ExpansiÃ³n,Sam Altman volver junta directivo OpenAI,"investigaciÃ³n independiente reveler que despido Altman , noviembre pasado , no ser justificado ser producto pÃ©rdida confianza miembro junta .",TecnologÃ­a,https://expansion.mx/tecnologia/2024/03/08/sam-altman-vuelve-a-la-junta-directiva-de-openai,2024-03-08
ExpansiÃ³n,condición laboral mujer 8 grÃ¡ficas,"trabajadora MÃ©xico carecer , mayorÃ­a , acceso institución salud ganar salario mÃ­nimo , jornada laboral 35 48 hora .",EconomÃ­a,https://expansion.mx/economia/2024/03/08/8m-condiciones-laborales-mujeres-mexico-graficas,2024-03-08
ExpansiÃ³n,EU buscar prohibir TikTok ; Biden firmar ley si Congreso aprobar,CÃ¡mara Representantes EU buscar que ByteDance vender empresa paÃ­s bien enfrentar prohibicinar plataforma .,TecnologÃ­a,https://expansion.mx/tecnologia/2024/03/08/legisladores-lanzan-plan-para-vetar-tiktok-en-eu,2024-03-08
ExpansiÃ³n,EU arrestar exingeniero Google robar secreto IA China,implicado supuestamente sustraer informacir confidencial aÃ±o beneficiar emprendimiento empresa paÃ­s asiÃ¡tico .,TecnologÃ­a,https://expansion.mx/tecnologia/2024/03/08/arrestan-exingeniero-google-robar-secretos-para-china,2024-03-08
ExpansiÃ³n,"CDMX , mujer impulsar agenda econÃ³mica social","primero vez , lÃ­deres tema econÃ³micos empresarial estar n unir solo causa : generar agenda , seÃ±ala AsociaciÃ³n Mexicana mujeres Jefas Empresa ( AMMJE ) .",EconomÃ­a,https://expansion.mx/economia/2024/03/08/ammje-cdmx-mujeres-impulsan-agenda-economica-y-social,2024-03-08
ExpansiÃ³n,Citibanamex esperar continuidad econÃ³mica siguiente sexenio,"economista jefe Citi AmÃ©rica Latina , Ernesto Revilla , destacÃ³ que siguiente gobierno deber ¡ tambiÃ©n dar prioridad finanzas Pemex .",EconomÃ­a,https://expansion.mx/economia/2024/03/07/citibanamex-espera-continuidad-economica-en-el-siguiente-sexenio,2024-03-08
ExpansiÃ³n,inverser extranjero directo poder superar 36.000 mdd 2024 : Hacienda,"estar superar "" histÃ³rica "" cifra aÃ±o anterior , decir Rogelio RamÃ­rez O.",EconomÃ­a,https://expansion.mx/economia/2024/03/07/inversion-extranjera-directa-podria-superar-los-36-000-mdd-en-2024-hacienda,2024-03-08
ExpansiÃ³n,"trabajo mal pagado , ser desventaja mujer MÃ©xico","jornada semanal trabajo hogar no remunerado ser mÃ¡ s extenso mujer , promedio 32 hora , que hombre ser solo 14 hora , decir Coneval .",EconomÃ­a,https://expansion.mx/economia/2024/03/07/sin-trabajo-y-mal-pagadas-desventajas-de-mujeres-en-mexico,2024-03-08
ExpansiÃ³n,"malo buen : pepino subir 30/100 , jitomate bajar casi 42/100 febrero","pepino , gas lp cebolla ser producto mÃ¡ s subir precio febrero , acuerdo Inegi .",EconomÃ­a,https://expansion.mx/economia/2024/03/07/que-alimentos-subieron-bajaron-de-precio-2024,2024-03-08
ExpansiÃ³n,Ley Mercados Digitales entrar vigor UE,normativa tener objeto garantizar que grande tecnolÃ³gicas comportar manera equitativo lÃ­nea .,TecnologÃ­a,https://expansion.mx/tecnologia/2024/03/07/ley-de-mercados-digitales-entra-vigor-union-europea,2024-03-08
ExpansiÃ³n,nearshoring beneficiar ¡ ganancia cartera banca : MoodyÂ´s,"agencia calificador destacÃ³ que crecimiento empleo bajo costo operaciÃ³n modelo digital , necesidad relocalizaciÃ³n , favorecer ¡ n largo plazo banco .",EconomÃ­a,https://expansion.mx/economia/2024/03/07/nearshoring-beneficiara-bancos-mexico-moodys,2024-03-08
ExpansiÃ³n,"Fed "" no estar ¡ lejos "" confianza necesario recortar tasa : Jerome Powell",""" creer que estar lugar correcto "" , decir presidente Reserva Federal ComisiÃ³n Banca Senado .",EconomÃ­a,https://expansion.mx/economia/2024/03/07/fed-confianza-necesaria-para-recortar-tasas-jerome-powell,2024-03-08
ExpansiÃ³n,registro patente disminuir 2023 primero vez 14 aÃ±os : ONU,incertidumbre econÃ³mica alza tasa interÃ©s estÃ¡ n considerar como principal razón declive .,EconomÃ­a,https://expansion.mx/economia/2024/03/07/registro-de-patentes-disminuyo-en-2023-tras-14-anos-onu,2024-03-08
ExpansiÃ³n,exportación chino crecer fuerza enero febrero 2024,comercio exterior haber ser factor clave crecimiento econÃ³mico China Ãºltimas dÃ©cadas haber generar gran cantidad empleo sector manufacturero .,EconomÃ­a,https://expansion.mx/economia/2024/03/07/exportaciones-chinas-crecen-en-enero-y-febrero-2024,2024-03-08
